well_id,state,district,station_name,lat,lon,station_code_corrupted,station_code_corrupted_5sig
W057e0552d2,Andhra pradesh,Anantapur,Alampur,14.1917,78.1639,1.41E+14,1.4113E+14
W5bda8a5178,Andhra pradesh,Anantapur,Amarapuram-pz,14.1264,76.9778,1.41E+14,1.40735E+14
W73bba18215,Andhra pradesh,Anantapur,Amidala,14.8417,77.25,1.45E+14,1.4503E+14
Wd0832fa6fb,Andhra pradesh,Anantapur,Anantapur-pz,14.675,77.6083,1.44E+14,1.4403E+14
W57a773054f,Andhra pradesh,Anantapur,Budipalli,13.9667,77.1667,1.36E+14,1.358E+14
W300b6d7011,Andhra pradesh,Anantapur,Chenna kothapalli-pz,14.2711,77.6222,1.42E+14,1.41616E+14
Wc0eb3debd6,Andhra pradesh,Anantapur,Dharmavaram,14.4117,77.72,1.42E+14,1.42442E+14
W365cee246a,Andhra pradesh,Anantapur,Gooty-alt,15.1167,77.6431,1.51E+14,1.507E+14
W78805cb68a,Andhra pradesh,Anantapur,Gooty-pz,15.1083,77.625,1.51E+14,1.5063E+14
Wf9d129c1d3,Andhra pradesh,Anantapur,Ingaluru,14.0472,78.0389,1.40E+14,1.4025E+14
W1afb3fb55a,Andhra pradesh,Anantapur,Madakasira-pz,13.9431,77.2708,1.36E+14,1.35635E+14
W398eb05177,Andhra pradesh,Anantapur,Madakasira1,13.9583,77.2417,1.36E+14,1.3573E+14
W78e23f68bd,Andhra pradesh,Anantapur,Malakavemula-rs,14.27,78.0575,1.42E+14,1.41612E+14
Wdecb03ac5a,Andhra pradesh,Anantapur,O.d.cheruvu-pz,14.025,77.9917,1.40E+14,1.4013E+14
W890eb03105,Andhra pradesh,Anantapur,Palasamudram,13.9728,77.7314,1.36E+14,1.35822E+14
W74c7fe6b3b,Andhra pradesh,Anantapur,Penukonda-pz,14.0833,77.5889,1.41E+14,1.405E+14
W9bdbd34e22,Andhra pradesh,Anantapur,Rayadurg-pz,14.7028,76.8556,1.44E+14,1.4421E+14
W434f0493d5,Andhra pradesh,Anantapur,Tadipatri-pz,14.9083,78.0083,1.45E+14,1.4543E+14
W815b7850b5,Andhra pradesh,Anantapur,Talapula-pz,14.2431,78.2625,1.41E+14,1.41435E+14
W70d5b51d51,Andhra pradesh,Anantapur,Vajrakarur,15.0083,77.4167,1.50E+14,1.5003E+14
Wa1477f5119,Andhra pradesh,Anantapur,Waddipalli,14.6717,77.4583,1.44E+14,1.44018E+14
W28b26e91d1,Andhra pradesh,Anantapur,Yadiki-pz,15.05,77.875,1.50E+14,1.503E+14
W926babfedf,Andhra pradesh,Chittoor,Battuvaripalli,13.5333,78.9056,1.33E+14,1.332E+14
W02bdec5174,Andhra pradesh,Chittoor,Chinna panduru,13.5833,79.9667,1.34E+14,1.335E+14
W6dfb717c10,Andhra pradesh,Chittoor,Damalcheruvu,13.475,79.0472,1.33E+14,1.3283E+14
W891656e2c0,Andhra pradesh,Chittoor,Duginevaripalli,13.1333,78.6583,1.31E+14,1.308E+14
W6e4a8e0b2e,Andhra pradesh,Chittoor,Mungilipattu,13.5667,79.2333,1.33E+14,1.334E+14
Wa7f802968f,Andhra pradesh,Chittoor,Shankrantipalli,13.1708,78.9875,1.31E+14,1.31015E+14
Wc0f4f3b20e,Andhra pradesh,Chittoor,Suritipalli,13.6733,79.3283,1.34E+14,1.34024E+14
W8de44d7529,Andhra pradesh,Chittoor,Tirumala1,13.69,79.355,1.34E+14,1.34124E+14
W2300fae96a,Andhra pradesh,Chittoor,Venkatagirikota,13.0167,78.5,1.30E+14,1.301E+14
W44a01a168e,Andhra pradesh,Cuddapah,Chinnamandyam,13.9456,78.7008,1.36E+14,1.35644E+14
W8da3b25622,Andhra pradesh,Cuddapah,Guvvalacheruvu,14.2667,78.7667,1.42E+14,1.416E+14
Wb0cf2a6d32,Andhra pradesh,Cuddapah,Pincha,13.9,78.9667,1.35E+14,1.354E+14
W6fa4b678e6,Andhra pradesh,Cuddapah,Pullareddypet,14.8456,78.5981,1.45E+14,1.45044E+14
W8dec035418,Andhra pradesh,Cuddapah,Sanipai,14.1167,78.95,1.41E+14,1.407E+14
Wde38f5c1b3,Andhra pradesh,Cuddapah,Talamanchipatnm,14.9431,78.3125,1.46E+14,1.45635E+14
Wf01b5adf85,Andhra pradesh,East godavari,Addateegala,17.4783,82.0186,1.73E+14,1.72842E+14
W147306539f,Andhra pradesh,East godavari,Delta gannavarm,16.6833,81.85,1.64E+14,1.641E+14
W3da6ff7c92,Andhra pradesh,East godavari,Dowalaiswaram -pz1,16.9264,81.7894,1.66E+14,1.65535E+14
W2e3c2896f4,Andhra pradesh,East godavari,Dowalaiswaram -pz2,16.9264,81.7897,1.66E+14,1.65535E+14
Wde06f8afd6,Andhra pradesh,East godavari,Eppanapadu,16.9056,81.925,1.65E+14,1.6542E+14
W7110afcf80,Andhra pradesh,East godavari,Gokavaram,17.25,81.8667,1.72E+14,1.715E+14
We69ffa81e9,Andhra pradesh,East godavari,Gollaprolu,17.1667,82.2833,1.71E+14,1.71E+14
W2936288c44,Andhra pradesh,East godavari,Jonnada,16.775,81.8833,1.65E+14,1.6463E+14
Wa8e112a996,Andhra pradesh,East godavari,Kakinada-ii,16.95,82.2375,1.66E+14,1.657E+14
W8d06a4712d,Andhra pradesh,East godavari,Kothapeta pz3,16.7167,81.9,1.64E+14,1.643E+14
W1137e43ff7,Andhra pradesh,East godavari,Maredumilli,17.525,81.7417,1.73E+14,1.7313E+14
W09969f9e91,Andhra pradesh,East godavari,Mummidivarampad,16.7,81.85,1.64E+14,1.642E+14
We245b4c5c8,Andhra pradesh,East godavari,Pattipadu,17.2292,82.1958,1.71E+14,1.71345E+14
Wab85be3aae,Andhra pradesh,East godavari,Rajanagaram,17.0792,81.9042,1.70E+14,1.70445E+14
W5da6fadedd,Andhra pradesh,East godavari,Rajavommangi-alt,17.55,82.2333,1.73E+14,1.733E+14
W7a32a5be4d,Andhra pradesh,East godavari,Sitapalli,17.35,81.8333,1.72E+14,1.721E+14
Wbd1ffb72d7,Andhra pradesh,East godavari,Uppada,17.0806,82.3375,1.70E+14,1.7045E+14
W4cd0eabe74,Andhra pradesh,East godavari,Yanam,16.7333,82.2261,1.64E+14,1.644E+14
Wde3e8f6e9d,Andhra pradesh,Guntur,Chebrolu,16.2042,80.5278,1.61E+14,1.61215E+14
Wb8b9b41fe2,Andhra pradesh,Guntur,Guntur,16.2908,80.4511,1.62E+14,1.61727E+14
Wbf2b02bd0a,Andhra pradesh,Guntur,Gurzala,16.5583,79.6417,1.63E+14,1.6333E+14
Wd5c85ef51c,Andhra pradesh,Guntur,Ipur,16.2236,79.7764,1.61E+14,1.61325E+14
W2d5773ed72,Andhra pradesh,Guntur,Krosur,16.5467,80.1417,1.63E+14,1.63248E+14
We7a1e61c5f,Andhra pradesh,Guntur,Medikondur,16.3458,80.3042,1.62E+14,1.62045E+14
Wff40f366d9,Andhra pradesh,Guntur,Murjampadu,16.5833,79.8833,1.64E+14,1.635E+14
W9ef5152ace,Andhra pradesh,Guntur,Nijampatnam,15.9181,80.6722,1.56E+14,1.55505E+14
W1621d33e4f,Andhra pradesh,Guntur,Pirangipuram,16.2875,80.2556,1.62E+14,1.61715E+14
W14d5ff907f,Andhra pradesh,Guntur,Pisapadu,16.4972,80.145,1.63E+14,1.6295E+14
W1f7616cd25,Andhra pradesh,Guntur,Prattipadu,16.1667,80.3333,1.61E+14,1.61E+14
W421762d7ce,Andhra pradesh,Guntur,Rentachintala,16.5517,79.5494,1.63E+14,1.63306E+14
W3009e32c01,Andhra pradesh,Guntur,Rentapalle,16.47,80.1383,1.63E+14,1.62812E+14
W9e138b17b5,Andhra pradesh,Guntur,Repalle,16.0233,80.8444,1.60E+14,1.60124E+14
W3b03f08c35,Andhra pradesh,Guntur,Sekuru,16.3,80.6333,1.62E+14,1.618E+14
W43418472a6,Andhra pradesh,Guntur,Utukuru,16.5667,80.0,1.63E+14,1.634E+14
W37debb5a3f,Andhra pradesh,Guntur,Zupudi,16.565,80.2589,1.63E+14,1.63354E+14
W6c741793be,Andhra pradesh,Kurnool,Ahobilam,15.1531,78.6667,1.51E+14,1.50911E+14
W9fbaee0c7e,Andhra pradesh,Kurnool,Aluru1,15.4008,77.2244,1.52E+14,1.52403E+14
W8849dbca79,Andhra pradesh,Kurnool,Bapuram1,15.7617,77.4792,1.55E+14,1.54542E+14
W40b5d8d6cc,Andhra pradesh,Kurnool,Battulur,15.2458,78.5,1.51E+14,1.51445E+14
W96f9c929b0,Andhra pradesh,Kurnool,Gonegandla,15.7122,77.5972,1.54E+14,1.54244E+14
W33587aa28c,Andhra pradesh,Kurnool,Gonegondla,15.7167,77.6,1.54E+14,1.543E+14
W0080669cf4,Andhra pradesh,Kurnool,Holagondi,15.4833,77.05,1.53E+14,1.529E+14
W3c3d364043,Andhra pradesh,Kurnool,Madhavaram,15.9369,77.3631,1.56E+14,1.55613E+14
W20819fc386,Andhra pradesh,Kurnool,Moravakonda,15.9736,78.2778,1.56E+14,1.55825E+14
W9bf5488088,Andhra pradesh,Kurnool,Naganathanahalli,15.5667,77.2333,1.53E+14,1.534E+14
W3356b159b9,Andhra pradesh,Kurnool,Nandikotkur,15.8667,78.275,1.55E+14,1.552E+14
W5a016eb25e,Andhra pradesh,Kurnool,Nossam,14.9917,78.4,1.46E+14,1.4593E+14
W7c8f69498f,Andhra pradesh,Kurnool,Orvakallu,15.6875,78.175,1.54E+14,1.54115E+14
Wff9daa189f,Andhra pradesh,Kurnool,Santajutur,15.6333,78.4417,1.54E+14,1.538E+14
W2921812719,Andhra pradesh,Kurnool,Veldurti,15.55,77.9333,1.53E+14,1.533E+14
W9e7b191200,Andhra pradesh,Kurnool,Veldurti1,15.5522,77.9347,1.53E+14,1.53308E+14
W22ffa1dd0f,Andhra pradesh,Kurnool,Venkatapuram2,15.8833,78.65,1.55E+14,1.553E+14
Wc227a7bc6e,Andhra pradesh,Kurnool,Yemignur,15.8278,77.4792,1.55E+14,1.5494E+14
W7202d01ac8,Andhra pradesh,Kurnool,Yenugumarri,15.2972,77.7917,1.52E+14,1.5175E+14
Wfbc4a4af5e,Andhra pradesh,Nellore,Bata,14.75,79.2167,1.45E+14,1.445E+14
W3794f43c6b,Andhra pradesh,Nellore,Durgarajapatnam,13.975,80.1667,1.36E+14,1.3583E+14
W43614d7af5,Andhra pradesh,Nellore,Kadanothala,14.75,80.0,1.45E+14,1.445E+14
W86a9ae9621,Andhra pradesh,Nellore,Kavali,14.9128,79.9772,1.45E+14,1.45446E+14
Wcf5da839f9,Andhra pradesh,Nellore,Kovvuru,14.4917,79.9875,1.43E+14,1.4293E+14
W9934cc4de3,Andhra pradesh,Nellore,Melchuru,13.9069,79.7333,1.35E+14,1.35425E+14
W18a47b1d9c,Andhra pradesh,Nellore,Muthukuru1,14.2747,80.1,1.42E+14,1.41629E+14
Wfbd03d228b,Andhra pradesh,Nellore,Ramathirdam,14.6389,80.1433,1.44E+14,1.4382E+14
W13a5465163,Andhra pradesh,Nellore,Venkatachalam-r,14.3117,79.9292,1.42E+14,1.41842E+14
Wb671616f85,Andhra pradesh,Prakasam,Darsi-new,15.8017,79.6783,1.55E+14,1.54806E+14
Wf1a70c2ff8,Andhra pradesh,Prakasam,Guttalaumadivrm,16.0125,79.5625,1.60E+14,1.60045E+14
Wdf01b12caf,Andhra pradesh,Prakasam,Kandukur,15.225,79.92,1.51E+14,1.5133E+14
W8cc526146b,Andhra pradesh,Prakasam,Ongole-new,15.5233,80.0583,1.53E+14,1.53124E+14
Wa88dac9da9,Andhra pradesh,Prakasam,Turumella,15.5333,78.9833,1.53E+14,1.532E+14
Wb46ec63ab3,Andhra pradesh,Prakasam,Uppugundur,15.6694,80.1708,1.54E+14,1.5401E+14
Wd0577080ab,Andhra pradesh,Prakasam,Vengaiahpalem,15.9222,79.5939,1.56E+14,1.5552E+14
Wc3091abe0f,Andhra pradesh,Srikakulam,Aldu,18.5667,84.0583,1.83E+14,1.834E+14
W8cc6792916,Andhra pradesh,Srikakulam,Haripuram,18.8333,84.5167,1.85E+14,1.85E+14
W7e3fc67dc6,Andhra pradesh,Srikakulam,Heeramandalam,18.6667,83.9667,1.84E+14,1.84E+14
W37345a445d,Andhra pradesh,Srikakulam,Ichapuram,19.1125,84.6744,1.91E+14,1.90645E+14
W4464c65253,Andhra pradesh,Srikakulam,Kalingapatnam,18.3333,84.1167,1.82E+14,1.82E+14
W4373081ac4,Andhra pradesh,Srikakulam,Kanchili,18.9733,84.58,1.86E+14,1.85824E+14
W2f552c4e1a,Andhra pradesh,Srikakulam,Narasannapeta,18.4083,84.1,1.82E+14,1.8243E+14
Wc941744067,Andhra pradesh,Srikakulam,Palakonda,18.5944,83.7611,1.84E+14,1.8354E+14
Wa1dc0aecb0,Andhra pradesh,Srikakulam,Pata tekkali,18.6283,84.3617,1.84E+14,1.83742E+14
W15efda40c9,Andhra pradesh,Srikakulam,Patapatnam,18.7517,84.09,1.85E+14,1.84506E+14
W43bd13033b,Andhra pradesh,Srikakulam,Patasrikakulam,18.2972,83.9011,1.82E+14,1.8175E+14
W9525cbb713,Andhra pradesh,Srikakulam,Ponduru,18.3417,83.7583,1.82E+14,1.8203E+14
W2abafd6d3e,Andhra pradesh,Srikakulam,Sitampeta1,18.6917,83.825,1.84E+14,1.8413E+14
W01d89835f8,Andhra pradesh,Srikakulam,Tekkali,18.6167,84.2333,1.84E+14,1.837E+14
W772b5cc2b8,Andhra pradesh,Srikakulam,Tekkalipatnam,18.5944,84.3486,1.84E+14,1.8354E+14
W14c55ed58b,Andhra pradesh,Visakhapatnam,Addaroddu,17.4292,82.7472,1.73E+14,1.72545E+14
Wc08c61a4af,Andhra pradesh,Visakhapatnam,Aruku,18.3361,82.8472,1.82E+14,1.8201E+14
We5a62de20a,Andhra pradesh,Visakhapatnam,Bangarumitta,17.7708,82.9083,1.75E+14,1.74615E+14
Wac5ce32fee,Andhra pradesh,Visakhapatnam,Bhimunipatnam-1,17.8833,83.4333,1.75E+14,1.753E+14
W566e9598ab,Andhra pradesh,Visakhapatnam,Dimriguda,18.2583,82.8,1.82E+14,1.8153E+14
W6862fc6e26,Andhra pradesh,Visakhapatnam,Garikabanda,17.925,82.75,1.76E+14,1.7553E+14
W148758df8c,Andhra pradesh,Visakhapatnam,Gurrajupeta,17.3819,82.7708,1.72E+14,1.72255E+14
W4ce5cf70ef,Andhra pradesh,Visakhapatnam,Haripalem,17.6083,82.8125,1.74E+14,1.7363E+14
Wf4c018fb6c,Andhra pradesh,Visakhapatnam,Kotauratla,17.5625,82.6917,1.73E+14,1.73345E+14
W33d95766fd,Andhra pradesh,Visakhapatnam,Kottur,18.2083,83.075,1.81E+14,1.8123E+14
Wb5ebe9e3ae,Andhra pradesh,Visakhapatnam,Koyyuru1,17.6667,82.2083,1.74E+14,1.74E+14
W9ac875eadd,Andhra pradesh,Visakhapatnam,Lambasingi1,17.8125,82.4917,1.75E+14,1.74845E+14
W54d6ff58ec,Andhra pradesh,Visakhapatnam,Lotugadda junction,17.8667,82.425,1.75E+14,1.752E+14
W712176ecc8,Andhra pradesh,Visakhapatnam,Medivoda,17.7792,82.7847,1.75E+14,1.74645E+14
W4a608c0364,Andhra pradesh,Visakhapatnam,Narsipatnam,17.65,82.5833,1.74E+14,1.739E+14
Wc656adad15,Andhra pradesh,Visakhapatnam,Paderu,18.0833,82.7,1.81E+14,1.805E+14
Wda961974b4,Andhra pradesh,Visakhapatnam,Pata k d peta,17.6708,82.3625,1.74E+14,1.74015E+14
Wa09ca99dd8,Andhra pradesh,Visakhapatnam,Pendurti,17.8111,83.2056,1.75E+14,1.7484E+14
W86ff5c08ad,Andhra pradesh,Visakhapatnam,Rayavaram,17.4583,82.85,1.73E+14,1.7273E+14
W8edda6593a,Andhra pradesh,Visakhapatnam,Rolugunta1,17.7,82.6667,1.74E+14,1.742E+14
W245b9d99bd,Andhra pradesh,Visakhapatnam,Tallapalem,17.7083,82.9167,1.74E+14,1.7423E+14
W1518fb1d65,Andhra pradesh,Vizianagaram,Agraharam,18.45,83.5333,1.83E+14,1.827E+14
W50c562b8eb,Andhra pradesh,Vizianagaram,Bobbili,18.5833,83.3667,1.84E+14,1.835E+14
Wc096ca5b7c,Andhra pradesh,Vizianagaram,Garbham,18.4056,83.4583,1.82E+14,1.8242E+14
W1db76ef4e0,Andhra pradesh,Vizianagaram,Gumma,18.9542,83.6444,1.86E+14,1.85715E+14
Waa8e1e2667,Andhra pradesh,Vizianagaram,Kanimetta,18.1217,83.5944,1.81E+14,1.80718E+14
W1074a09652,Andhra pradesh,Vizianagaram,Komarada,18.9,83.4633,1.85E+14,1.854E+14
W4d1bd156a9,Andhra pradesh,Vizianagaram,Kurupana,18.8833,83.5917,1.85E+14,1.853E+14
W945c888cb2,Andhra pradesh,Vizianagaram,Lakkavarapukota,18.0,83.1667,1.80E+14,1.8E+14
W248be469d0,Andhra pradesh,Vizianagaram,Maradam,18.4033,83.3383,1.82E+14,1.82412E+14
W64cf064745,Andhra pradesh,Vizianagaram,Natavalasa,18.0625,83.5292,1.80E+14,1.80345E+14
W307af3baa6,Andhra pradesh,Vizianagaram,Payakapadu,18.645,83.275,1.84E+14,1.83842E+14
Wcfbce68d62,Andhra pradesh,Vizianagaram,Saluru,18.5236,83.2083,1.83E+14,1.83125E+14
W51584d7123,Andhra pradesh,Vizianagaram,Vijayanagaram,18.1167,83.4125,1.81E+14,1.807E+14
W55954f491b,Andhra pradesh,West godavari,Eluru-pz,16.7203,81.1214,1.64E+14,1.64313E+14
W593eb7f7ac,Andhra pradesh,West godavari,Erraguntlapalli,17.0022,81.0083,1.70E+14,1.70008E+14
W42f21b028b,Andhra pradesh,West godavari,Narsapuram,16.4369,81.7022,1.63E+14,1.62613E+14
Wda5a258885,Andhra pradesh,West godavari,Nidadavolu,16.9167,81.6681,1.66E+14,1.655E+14
Wc63608f8f0,Andhra pradesh,West godavari,Recharla -pz,17.1222,81.0181,1.71E+14,1.7072E+14
Wf49598d02b,Andhra pradesh,West godavari,Undi,16.6167,81.5,1.64E+14,1.637E+14
W6f963bd02a,Andhra pradesh,West godavari,Veeravasaram,16.5333,81.65,1.63E+14,1.632E+14
W451099c4c3,Tamil nadu,Tiruvallur,Kanakammachatrm,13.2083,79.75,1.31E+14,1.3123E+14
W7e9333d508,Telangana,Khammam,Badrachalam,17.6667,80.8833,1.74E+14,1.74E+14
Wff7f72ef92,Telangana,Khammam,Lakshmipuram,17.7333,81.1,1.74E+14,1.744E+14
W39d2803d47,Telangana,Khammam,Mothugundam,17.8333,81.6667,1.75E+14,1.75E+14
W0b7161ebcb,Telangana,Khammam,Sarivela,17.775,81.2861,1.75E+14,1.7463E+14
W09e5d65fdd,Assam,Bongaigaon,Baitamari,26.3667,90.5667,2.62E+14,2.622E+14
Wc4cdef6bdb,Assam,Cachar,Badribasti,24.8797,92.8847,2.45E+14,2.45247E+14
W1cf0add3b8,Assam,Cachar,Borkhola,24.9389,92.7417,2.46E+14,2.4562E+14
W83df8ec565,Assam,Goalpara,Dudhnai,25.9808,90.8042,2.56E+14,2.55851E+14
Wd035ca23a9,Assam,Kamrup,Hajo,26.25,91.5333,2.62E+14,2.615E+14
W483867aa26,Assam,Kamrup,Sonapur,26.1167,92.0083,2.61E+14,2.607E+14
W6edb6dfaf0,Assam,Karbi anglong,Balipathar,26.1569,93.8,2.61E+14,2.60925E+14
W483e389226,Assam,Karbi anglong,Silanijan,26.3167,93.875,2.62E+14,2.619E+14
W1066313f29,Assam,Marigaon,Baghara,26.1836,92.2975,2.61E+14,2.61101E+14
W0da0af06bf,Assam,Nagaon,Amsoi,26.1869,92.735,2.61E+14,2.61113E+14
We48aca1aad,Assam,Nagaon,Doboka,26.1917,92.85,2.61E+14,2.6113E+14
Wa237605872,Assam,Nagaon,Haldiati sub bt,26.1719,92.9389,2.61E+14,2.61019E+14
W07406e85cc,Assam,Nagaon,Silghat,26.5922,92.9344,2.64E+14,2.63532E+14
Wfaefb0ffaa,Assam,Tinsukia,Digboi,27.3917,95.6417,2.72E+14,2.7233E+14
Wf8875380e7,Assam,Tinsukia,Jagun,27.3936,95.8992,2.72E+14,2.72337E+14
W106b29a17c,Assam,Tinsukia,Tinsukia,27.475,95.3667,2.73E+14,2.7283E+14
Wd57be47654,Maharashtra,Amravati,Anjansingi,20.9167,78.1375,2.06E+14,2.055E+14
W320f8b49af,Maharashtra,Amravati,Ashtagaon,21.3083,77.925,2.12E+14,2.1183E+14
W8182b12f9f,Maharashtra,Amravati,Badnera,20.8444,77.7286,2.05E+14,2.0504E+14
W43b93fcd9e,Maharashtra,Amravati,Behali,21.3972,77.4611,2.12E+14,2.1235E+14
W2210d41aa1,Maharashtra,Amravati,Bhokarbardi,21.5139,76.7806,2.13E+14,2.1305E+14
W1d83661e92,Maharashtra,Amravati,Chicholi,21.36,77.9444,2.12E+14,2.12136E+14
Wb0f4586d08,Maharashtra,Amravati,Devgaon,20.6833,78.1569,2.04E+14,2.041E+14
W2813ee7db8,Maharashtra,Amravati,Harisal,21.5333,77.1167,2.13E+14,2.132E+14
W20051926c9,Maharashtra,Amravati,Hiwarkheda,21.3931,78.0839,2.12E+14,2.12335E+14
Wec5ace5986,Maharashtra,Amravati,Khanapur,21.3153,77.9542,2.12E+14,2.11855E+14
W7922884d4b,Maharashtra,Amravati,Kolkaz,21.5,77.2042,2.13E+14,2.13E+14
Wab4a7cf7b4,Maharashtra,Amravati,Kurha,20.9333,78.05,2.06E+14,2.056E+14
W93292ddc7d,Maharashtra,Amravati,Lawada,21.5333,77.0389,2.13E+14,2.132E+14
W5a3648c8a1,Maharashtra,Amravati,Nandgaon peth,21.025,77.8333,2.10E+14,2.1013E+14
W68912ee527,Maharashtra,Amravati,Pala,21.3861,78.0111,2.12E+14,2.1231E+14
W6b47d8a87c,Maharashtra,Amravati,Rithpur,21.2417,77.8167,2.11E+14,2.1143E+14
Wf1b43b6df2,Maharashtra,Amravati,Silona,21.4333,77.4167,2.13E+14,2.126E+14
W088c3d8ad5,Maharashtra,Amravati,Teosa,21.0861,78.0681,2.11E+14,2.1051E+14
Wad681433e0,Maharashtra,Amravati,Walgaon,21.0167,77.7,2.10E+14,2.101E+14
W7760e74741,Maharashtra,Amravati,Warud,21.4667,78.2667,2.13E+14,2.128E+14
Wf9febb8e9b,Maharashtra,Beed,Kolegaon,19.1778,75.6319,1.91E+14,1.9104E+14
W5a335d39a6,Maharashtra,Beed,Kumbhephal,18.7167,76.1333,1.84E+14,1.843E+14
W1aad9658e4,Maharashtra,Beed,Manur,19.0667,75.3167,1.90E+14,1.904E+14
Wbf157e245d,Maharashtra,Beed,Mauj,18.9667,75.8833,1.86E+14,1.858E+14
Wa6cca3bb6c,Maharashtra,Beed,Patoda,18.8667,75.4667,1.85E+14,1.852E+14
Wc7651c80bb,Maharashtra,Beed,Talni,18.7333,76.5167,1.84E+14,1.844E+14
W73e591794f,Maharashtra,Beed,Telgaon,18.9833,76.1833,1.86E+14,1.859E+14
W6650631618,Maharashtra,Beed,Wadwani,18.9833,76.0333,1.86E+14,1.859E+14
Wbcb0d05744,Maharashtra,Bhandara,Bhandara,21.1583,79.6542,2.11E+14,2.1093E+14
W7f846cde2f,Maharashtra,Bhandara,Chicholi,21.4708,79.7167,2.13E+14,2.12815E+14
W54f3c00401,Maharashtra,Bhandara,Dahegaon2,21.2833,79.6833,2.12E+14,2.117E+14
W67b4a12cf5,Maharashtra,Bhandara,Daodipar khapa,21.1,79.6833,2.11E+14,2.106E+14
Wc3afecb835,Maharashtra,Bhandara,Jamb,21.3833,79.5833,2.12E+14,2.123E+14
W0c4f271ae9,Maharashtra,Bhandara,Kharbi,21.1675,79.5667,2.11E+14,2.11003E+14
W0b1ee6061f,Maharashtra,Bhandara,Koka (kokha),21.2028,79.7928,2.11E+14,2.1121E+14
Wecc8c08c97,Maharashtra,Bhandara,Lakhandur,20.7458,79.8847,2.04E+14,2.04445E+14
W5d867c125b,Maharashtra,Bhandara,Madgi,20.95,79.8,2.06E+14,2.057E+14
We1108ee280,Maharashtra,Bhandara,Nilaj,20.7417,79.55,2.04E+14,2.0443E+14
Wba76917a36,Maharashtra,Bhandara,Pauni,20.775,79.6264,2.05E+14,2.0463E+14
W5932263e98,Maharashtra,Bhandara,Pitjhari,21.1792,80.0042,2.11E+14,2.11045E+14
W456d1e837b,Maharashtra,Bhandara,Sakoli,21.0833,79.9833,2.11E+14,2.105E+14
Wb7c5295ab4,Maharashtra,Bhandara,Sihora,21.4583,79.8403,2.13E+14,2.1273E+14
W27c0e2ef53,Maharashtra,Bhandara,Tumsar khapa,21.3667,79.7167,2.12E+14,2.122E+14
Wedf11186e3,Maharashtra,Bhandara,Varti,21.2333,79.6467,2.11E+14,2.114E+14
W5b9a388530,Maharashtra,Chandrapur,Aksapur,19.7583,79.6333,1.95E+14,1.9453E+14
W74887c5e60,Maharashtra,Chandrapur,Ballarsha,19.8606,79.35,1.95E+14,1.95138E+14
W32a7ead380,Maharashtra,Chandrapur,Bhimni,19.8167,79.7167,1.95E+14,1.949E+14
Wd4df2a30c8,Maharashtra,Chandrapur,Brahmapuri,20.6167,79.8667,2.04E+14,2.037E+14
W50fbe1f0c9,Maharashtra,Chandrapur,Chargaon,20.3833,79.1833,2.02E+14,2.023E+14
Wdafba869a2,Maharashtra,Chandrapur,Chichpalli,20.0028,79.4861,2.00E+14,2.0001E+14
W4930be270e,Maharashtra,Chandrapur,Chimur,20.4917,79.3917,2.03E+14,2.0293E+14
We2b58dbb84,Maharashtra,Chandrapur,Chora,20.1992,79.2344,2.01E+14,2.01157E+14
Wc057c5c6c5,Maharashtra,Chandrapur,Dabha,19.625,79.6208,1.94E+14,1.9373E+14
W17ff0a6dae,Maharashtra,Chandrapur,Jambhulghat,20.5417,79.4583,2.03E+14,2.0323E+14
W91b2156a41,Maharashtra,Chandrapur,Kalmana,19.7833,79.45,1.95E+14,1.947E+14
Wa2cc8fe0be,Maharashtra,Chandrapur,Kothari,19.7917,79.4917,1.95E+14,1.9473E+14
Wde8490a42c,Maharashtra,Chandrapur,Mahurli,20.1833,79.3333,2.01E+14,2.011E+14
Wa78b1ae6c9,Maharashtra,Chandrapur,Mangli,20.165,79.1481,2.01E+14,2.00954E+14
W928fa825af,Maharashtra,Chandrapur,Mendki,20.4667,79.8333,2.03E+14,2.028E+14
W5e35ed9428,Maharashtra,Chandrapur,Mohadi mokasa,20.6458,79.65,2.04E+14,2.03845E+14
We2c559ff2d,Maharashtra,Chandrapur,Mul,20.0667,79.6833,2.00E+14,2.004E+14
Wcc59701013,Maharashtra,Chandrapur,Nagbhir,20.5833,79.6667,2.04E+14,2.035E+14
W289f8c6058,Maharashtra,Chandrapur,Nandegur,20.05,79.5167,2.00E+14,2.003E+14
W706b039cf1,Maharashtra,Chandrapur,Rajoli tukkum,20.1917,79.6917,2.01E+14,2.0113E+14
W258747b162,Maharashtra,Chandrapur,Rampur,20.4083,79.0,2.02E+14,2.0243E+14
W9cbdf305b7,Maharashtra,Chandrapur,Salori,20.3083,79.0833,2.02E+14,2.0183E+14
We74f7684b3,Maharashtra,Chandrapur,Sawali,20.0833,79.7833,2.01E+14,2.005E+14
W44de6fe85e,Maharashtra,Chandrapur,Shankarpur,20.6458,79.5333,2.04E+14,2.03845E+14
W10ae2c52af,Maharashtra,Chandrapur,Shegaon khurd,20.2936,79.1803,2.02E+14,2.01737E+14
W9897078f89,Maharashtra,Chandrapur,Sondo,19.6667,79.3333,1.94E+14,1.94E+14
W34f14c7b3b,Maharashtra,Chandrapur,Vyahad khurd,20.1167,79.8833,2.01E+14,2.007E+14
W4f556acfa0,Maharashtra,Chandrapur,Wahangaon,20.4836,79.2336,2.03E+14,2.02901E+14
W13b6a2b07e,Maharashtra,Chandrapur,Wirur,19.65,79.4333,1.94E+14,1.939E+14
Wcd570d14e8,Maharashtra,Gadchiroli,Chamorshi,19.9333,79.8833,1.96E+14,1.956E+14
Waa5f093d38,Maharashtra,Gadchiroli,Chaudampalli,19.6,79.85,1.94E+14,1.936E+14
Wc50face432,Maharashtra,Gadchiroli,Gadchiroli,20.1833,80.0083,2.01E+14,2.011E+14
W86dedecdbb,Maharashtra,Gadchiroli,Gewardha,20.6264,80.15,2.04E+14,2.03735E+14
Wc8949e33c0,Maharashtra,Gadchiroli,Ghot,19.7917,79.9833,1.95E+14,1.9473E+14
W17f1d2df45,Maharashtra,Gadchiroli,Konsari,19.7639,79.8144,1.95E+14,1.9455E+14
Wf3edba2201,Maharashtra,Gadchiroli,Kurkhera,20.6167,80.2083,2.04E+14,2.037E+14
W5c297428e2,Maharashtra,Gadchiroli,Shankarpur,20.6272,80.0406,2.04E+14,2.03738E+14
W733326b230,Maharashtra,Gadchiroli,Wadsa,20.6167,79.9667,2.04E+14,2.037E+14
Wb25a75d3d1,Maharashtra,Gondia,Amgaon,21.375,80.3833,2.12E+14,2.1223E+14
Wc20c5793e3,Maharashtra,Gondia,Asoli,21.4833,80.2667,2.13E+14,2.129E+14
W30938f2a32,Maharashtra,Gondia,Goregaon,21.3333,80.2167,2.12E+14,2.12E+14
Wb54ea7f2c7,Maharashtra,Gondia,Murdoli,21.225,80.2083,2.11E+14,2.1133E+14
Wff03e66fd6,Maharashtra,Gondia,Navegaon ii (khurd),21.3464,79.8217,2.12E+14,2.12047E+14
W591eeedf33,Maharashtra,Gondia,Navegaon,20.9167,80.0833,2.06E+14,2.055E+14
W3cdb47176f,Maharashtra,Gondia,Rajegaon,21.6139,80.2472,2.14E+14,2.1365E+14
Wad6233686d,Maharashtra,Gondia,Salebardi,20.9097,79.9403,2.05E+14,2.05435E+14
Wba426d6640,Maharashtra,Gondia,Sangadi,20.95,79.9833,2.06E+14,2.057E+14
W0d1c19c940,Maharashtra,Gondia,Sejgaon,21.4958,80.0267,2.13E+14,2.12945E+14
W1280662cba,Maharashtra,Gondia,Sondad,21.075,80.0917,2.10E+14,2.1043E+14
W85cd341504,Maharashtra,Kolhapur,Ajra,16.1167,74.2,1.61E+14,1.607E+14
Wc152043943,Maharashtra,Kolhapur,Amba,16.9678,73.8069,1.66E+14,1.65804E+14
W26010f342f,Maharashtra,Kolhapur,Aslaj,16.6042,73.8917,1.64E+14,1.63615E+14
W921c3567c5,Maharashtra,Kolhapur,Gadhinglaj,16.2408,74.3517,1.61E+14,1.61427E+14
Wdcea469856,Maharashtra,Kolhapur,Halkarne,16.1694,74.4694,1.61E+14,1.6101E+14
W2413698356,Maharashtra,Kolhapur,Karve,15.8972,74.3403,1.55E+14,1.5535E+14
Wa212ff3fe6,Maharashtra,Kolhapur,Kini wathar,16.8703,74.2975,1.65E+14,1.65213E+14
We390e83d3f,Maharashtra,Kolhapur,Murgud,16.3833,74.1833,1.62E+14,1.623E+14
W1a94d35e76,Maharashtra,Kolhapur,Naganwadi,15.9333,74.25,1.56E+14,1.556E+14
W5da904665f,Maharashtra,Kolhapur,Nesari,16.0567,74.3306,1.60E+14,1.60324E+14
Wc6c2fe1ef5,Maharashtra,Kolhapur,Nitawade,16.2333,74.05,1.61E+14,1.614E+14
W2d33917490,Maharashtra,Kolhapur,Paijarwadi,16.8417,74.0833,1.65E+14,1.6503E+14
W31cf9bd433,Maharashtra,Kolhapur,Panhala,16.8167,74.1,1.65E+14,1.649E+14
W2aa20d5c35,Maharashtra,Kolhapur,Parkhandale,16.7,74.0167,1.64E+14,1.642E+14
Wa5b9d02ab4,Maharashtra,Kolhapur,Patne,15.8675,74.2333,1.55E+14,1.55203E+14
W33ade01c05,Maharashtra,Kolhapur,Pimpalgaon,16.2972,74.2167,1.62E+14,1.6175E+14
W718abc0cc4,Maharashtra,Kolhapur,Radhanagari,16.4083,73.9958,1.62E+14,1.6243E+14
Wcde3e84895,Maharashtra,Kolhapur,Shelewadi,16.4944,74.1306,1.63E+14,1.6294E+14
W4498d4fda5,Maharashtra,Kolhapur,Shiradwad,16.6667,74.4833,1.64E+14,1.64E+14
Wc2c0aeb6e8,Maharashtra,Kolhapur,Surupali,16.4139,74.2389,1.62E+14,1.6245E+14
W10f2a834c9,Maharashtra,Kolhapur,Uttur,16.2583,74.2542,1.62E+14,1.6153E+14
Wce6031e3d8,Maharashtra,Kolhapur,Washi,16.6403,74.1792,1.64E+14,1.63825E+14
We46602ee59,Maharashtra,Mumbai city,Bombay (church gate),18.9319,72.8311,1.86E+14,1.85555E+14
Wef12610e6a,Maharashtra,Mumbai suburban,A.m.c. colony,19.1353,72.8872,1.91E+14,1.90807E+14
W561f53c01c,Maharashtra,Nagpur,Borkhedi,20.8833,78.975,2.05E+14,2.053E+14
We1c2a7e9f9,Maharashtra,Nagpur,Chacher,21.2833,79.3417,2.12E+14,2.117E+14
W60f22e1aa7,Maharashtra,Nagpur,Chargaon (punarwasi),21.2667,78.7583,2.12E+14,2.116E+14
We1c6927390,Maharashtra,Nagpur,Kalmeshwar,21.2333,78.9167,2.11E+14,2.114E+14
W0db3847f00,Maharashtra,Nagpur,Kanholi bara,20.9333,78.85,2.06E+14,2.056E+14
W1ccca3cecd,Maharashtra,Nagpur,Kelod,21.4597,78.8764,2.13E+14,2.12735E+14
Wf50a273373,Maharashtra,Nagpur,Khubala,21.45,78.9667,2.13E+14,2.127E+14
Wb4beede5a8,Maharashtra,Nagpur,Kothulna,21.4194,79.0383,2.13E+14,2.1251E+14
Wd09ca17b5c,Maharashtra,Nagpur,Nagpur_ramdaspeth,21.1306,79.0639,2.11E+14,2.1075E+14
W346b016538,Maharashtra,Nagpur,Nayakund,21.3667,79.1833,2.12E+14,2.122E+14
Wc5e6d94364,Maharashtra,Nagpur,Panchgaon,21.0333,79.1667,2.10E+14,2.102E+14
W1eb8d55c2e,Maharashtra,Nagpur,Parseoni,21.55,79.1667,2.13E+14,2.133E+14
W09758bd9da,Maharashtra,Nagpur,Ramtek,21.4,79.3,2.12E+14,2.124E+14
Wc8c4dc0fbd,Maharashtra,Nagpur,Sathnaori,21.1333,78.8,2.11E+14,2.108E+14
W29b9b72013,Maharashtra,Nagpur,Wagholi,21.3333,79.2167,2.12E+14,2.12E+14
W6fd44e0dc5,Maharashtra,Nagpur,Wardhamna,21.1417,78.9333,2.11E+14,2.1083E+14
Wf92ad8382d,Maharashtra,Palghar,Agashi,19.4667,72.7728,1.93E+14,1.928E+14
We60c72042c,Maharashtra,Palghar,Bramhanwadi,19.425,72.7833,1.93E+14,1.9253E+14
W80a7a07f31,Maharashtra,Palghar,Dapchari takarpada,20.075,72.925,2.00E+14,2.0043E+14
Wb64cd04f82,Maharashtra,Palghar,Ganjad,19.9444,72.8667,1.96E+14,1.9564E+14
W121bbe0685,Maharashtra,Palghar,Giraj,19.3792,72.7917,1.92E+14,1.92245E+14
W0fcfba7919,Maharashtra,Palghar,Kajli,20.2069,72.8861,2.01E+14,2.01225E+14
W9d9d6145df,Maharashtra,Palghar,Kasa,19.9167,72.95,1.96E+14,1.955E+14
W8709fb94b7,Maharashtra,Palghar,Mokhada,19.9167,73.35,1.96E+14,1.955E+14
W998b53e4f3,Maharashtra,Palghar,Saiwan,20.0569,73.0389,2.00E+14,2.00325E+14
W34709d202e,Maharashtra,Palghar,Udhwa,20.1042,73.0083,2.01E+14,2.00615E+14
W2766113734,Maharashtra,Pune,Ane,19.1667,74.2167,1.91E+14,1.91E+14
W1f0af829d4,Maharashtra,Pune,Bhadalwadi,18.2667,74.7667,1.82E+14,1.816E+14
W7c2599b854,Maharashtra,Pune,Dhumalwadi,18.1006,74.4806,1.81E+14,1.80602E+14
W7d928adee6,Maharashtra,Pune,Dorlewadi,18.0944,74.6111,1.81E+14,1.8054E+14
Wa147eb61c4,Maharashtra,Pune,Jejuri,18.2681,74.1708,1.82E+14,1.81605E+14
W97244aa671,Maharashtra,Pune,Junnar,19.2061,73.8694,1.91E+14,1.91222E+14
W07fdf08bfa,Maharashtra,Pune,Karanje,18.1361,74.2542,1.81E+14,1.8081E+14
Wa75cf8f965,Maharashtra,Pune,Kolwan,18.5819,73.5319,1.83E+14,1.83455E+14
Wb58460946c,Maharashtra,Pune,Lonawala,18.7583,73.4181,1.85E+14,1.8453E+14
W3bdcead8d9,Maharashtra,Pune,Loni (ambegaon),18.9028,74.0875,1.85E+14,1.8541E+14
W7163a5f38f,Maharashtra,Pune,Narayangaon,19.1333,73.9833,1.91E+14,1.908E+14
W046c07ad33,Maharashtra,Pune,Nimbgaon-ketke,18.0833,74.9167,1.81E+14,1.805E+14
W2cd7aba63a,Maharashtra,Pune,Otur,19.2708,73.9667,1.92E+14,1.91615E+14
Wc09ab65c47,Maharashtra,Pune,Parne,18.6333,74.0611,1.84E+14,1.838E+14
W9d7ff18f95,Maharashtra,Pune,Patas,18.4333,74.4333,1.83E+14,1.826E+14
W42fd920d92,Maharashtra,Pune,Pimpri (kh) malvasti,18.1111,74.2028,1.81E+14,1.8064E+14
W4fe2783265,Maharashtra,Pune,Pune,18.5389,73.8458,1.83E+14,1.8322E+14
Wf196867f7e,Maharashtra,Pune,Rajgurnagar (khed),18.8639,73.8972,1.85E+14,1.8515E+14
We4d39c6b97,Maharashtra,Pune,Sakurde,18.2833,74.1167,1.82E+14,1.817E+14
W10467322bf,Maharashtra,Pune,Shivpur khed,18.3333,73.85,1.82E+14,1.82E+14
W2fbd5acc1f,Maharashtra,Pune,Wehle,18.3,73.6333,1.82E+14,1.818E+14
W771c9a1650,Maharashtra,Raigad,Chandore,18.1667,73.1833,1.81E+14,1.81E+14
W0d33937d56,Maharashtra,Raigad,Chinchwad,18.925,73.1167,1.86E+14,1.8553E+14
W78b7ff9eac,Maharashtra,Raigad,Dapoli,18.4778,73.0083,1.83E+14,1.8284E+14
W6e1122daed,Maharashtra,Raigad,Hudhre budruk (karjat,18.9125,73.3194,1.85E+14,1.85445E+14
W102d57fe9b,Maharashtra,Raigad,Jite,18.8139,73.0875,1.85E+14,1.8485E+14
W24a0fceabb,Maharashtra,Raigad,Kelte,18.0889,73.1056,1.81E+14,1.8052E+14
W3cb2b95fc2,Maharashtra,Raigad,Khalapur,18.8278,73.2842,1.85E+14,1.8494E+14
Wac3562436b,Maharashtra,Raigad,Kharapati,18.45,73.1,1.83E+14,1.827E+14
Wff0c7520e6,Maharashtra,Raigad,Kumbharcha kosta bk,18.3028,73.3056,1.82E+14,1.8181E+14
W743062f024,Maharashtra,Raigad,Phugaon,18.4333,73.2056,1.83E+14,1.826E+14
W69fd72a64c,Maharashtra,Raigad,Poladpur,17.9833,73.4667,1.76E+14,1.759E+14
W1443010b92,Maharashtra,Raigad,Saigaon govalwadi,18.0319,73.0806,1.80E+14,1.80155E+14
Waa0ffc2bdb,Maharashtra,Raigad,Sochinde,18.0708,73.4,1.80E+14,1.80415E+14
Wcd7b556b2a,Maharashtra,Raigad,Varandha,18.1333,73.5667,1.81E+14,1.808E+14
W3c9df9592c,Maharashtra,Raigad,Veshwi,18.75,73.0333,1.85E+14,1.845E+14
Wba00a84ee0,Maharashtra,Ratnagiri,Aawashi,17.6333,73.4833,1.74E+14,1.738E+14
Wef742291c3,Maharashtra,Ratnagiri,Abloli,17.345,73.3444,1.72E+14,1.72042E+14
Wf7b0cc5a0c,Maharashtra,Ratnagiri,Agave,17.3583,73.5333,1.72E+14,1.7213E+14
Wd1965459d2,Maharashtra,Ratnagiri,Ambed budruk,17.1333,73.4833,1.71E+14,1.708E+14
W885ef3c8a1,Maharashtra,Ratnagiri,Chiplun,17.5333,73.5167,1.73E+14,1.732E+14
W77b567c1de,Maharashtra,Ratnagiri,Dapoli,17.7625,73.1917,1.75E+14,1.74545E+14
W5609e53218,Maharashtra,Ratnagiri,Dasturi,17.7472,73.3542,1.74E+14,1.7445E+14
W85069c78d5,Maharashtra,Ratnagiri,Devghar,17.4833,73.35,1.73E+14,1.729E+14
W08eee3ca9a,Maharashtra,Ratnagiri,Dugvay,17.4025,73.4042,1.72E+14,1.72409E+14
Wa3d453bfd7,Maharashtra,Ratnagiri,Jakadevi,17.1667,73.4,1.71E+14,1.71E+14
W7c464b0ce4,Maharashtra,Ratnagiri,Jalgaon,17.7458,73.1833,1.74E+14,1.74445E+14
W7edf9149da,Maharashtra,Ratnagiri,Kalambani,17.7667,73.4167,1.75E+14,1.746E+14
Wa6d82306aa,Maharashtra,Ratnagiri,Karanjani,17.7839,73.2386,1.75E+14,1.74702E+14
W72f59882dd,Maharashtra,Ratnagiri,Karanjari,16.9958,73.5708,1.66E+14,1.65945E+14
W917184fc7e,Maharashtra,Ratnagiri,Kashedi,17.8889,73.4347,1.75E+14,1.7532E+14
W7f5e365d4f,Maharashtra,Ratnagiri,Kotluk,17.3917,73.3222,1.72E+14,1.7233E+14
W31b45de0d8,Maharashtra,Ratnagiri,Kumble,17.9458,73.2944,1.76E+14,1.75645E+14
Wb025ca17c7,Maharashtra,Ratnagiri,Mahapral,18.05,73.2833,1.80E+14,1.803E+14
W5b1b52daa3,Maharashtra,Ratnagiri,Mandangarh,17.9667,73.2333,1.76E+14,1.758E+14
Wce974bddd2,Maharashtra,Ratnagiri,Oni,17.7,73.5833,1.74E+14,1.742E+14
Wa33f724c91,Maharashtra,Ratnagiri,Pimper,17.3958,73.2667,1.72E+14,1.72345E+14
W502b21eb9e,Maharashtra,Ratnagiri,Pomendi (kh),16.9125,73.3472,1.65E+14,1.65445E+14
W88741dad8c,Maharashtra,Ratnagiri,Pophali,17.4167,73.6667,1.73E+14,1.725E+14
W964b8152bb,Maharashtra,Ratnagiri,Rajapur,16.65,73.5167,1.64E+14,1.639E+14
W9b30eb9ba8,Maharashtra,Ratnagiri,Tetavli (kadamvadi),17.7,73.3083,1.74E+14,1.742E+14
Wbbbf1aba77,Maharashtra,Ratnagiri,Vakvali,17.75,73.2833,1.75E+14,1.745E+14
Wa9bca964ff,Maharashtra,Satara,Aundh,17.5333,74.3333,1.73E+14,1.732E+14
W74e8092ba7,Maharashtra,Satara,Koregaon,17.7,74.1833,1.74E+14,1.742E+14
W9f73e2932c,Maharashtra,Satara,Manainagar,17.395,73.7467,1.72E+14,1.72342E+14
W12b73e4444,Maharashtra,Satara,Pingli,17.65,74.5167,1.74E+14,1.739E+14
W997e3a3b7c,Maharashtra,Satara,Shirwal,18.15,73.975,1.81E+14,1.809E+14
W96292e417c,Maharashtra,Satara,Wai,17.95,73.9,1.76E+14,1.757E+14
We7bae3255b,Maharashtra,Sindudurg,Achra,16.2333,73.4667,1.61E+14,1.614E+14
Wddcee0774c,Maharashtra,Sindudurg,Adeli (pednekarwadi),15.9,73.7333,1.55E+14,1.554E+14
W72b0494121,Maharashtra,Sindudurg,Danoli,15.9333,73.9333,1.56E+14,1.556E+14
Weefb2dd707,Maharashtra,Sindudurg,Deogarh,16.3803,73.3803,1.62E+14,1.62249E+14
W9cb06209ad,Maharashtra,Sindudurg,Dodamarga,15.6667,73.9667,1.54E+14,1.54E+14
Wf2d24ba0e9,Maharashtra,Sindudurg,Hadi (gaonkarwadi),16.1375,73.4706,1.61E+14,1.60815E+14
Wb8e7b6762a,Maharashtra,Sindudurg,Insuli,15.8667,73.8333,1.55E+14,1.552E+14
W7b8ab60af6,Maharashtra,Sindudurg,Kanedi bazar,16.2278,73.8083,1.61E+14,1.6134E+14
W7cc8595e5d,Maharashtra,Sindudurg,Kudal,16.0211,73.6903,1.60E+14,1.60116E+14
W6ec15c1d83,Maharashtra,Sindudurg,Kunkaule,16.0883,73.5792,1.61E+14,1.60518E+14
W0647188a49,Maharashtra,Sindudurg,Malwan,16.0611,73.4583,1.60E+14,1.6034E+14
W04ed48b4d5,Maharashtra,Sindudurg,Mangaon bazar,15.9772,73.7856,1.56E+14,1.55838E+14
W29db1a99ba,Maharashtra,Sindudurg,Matond (ghodemukh),15.8278,73.7486,1.55E+14,1.5494E+14
Wc1cc756107,Maharashtra,Sindudurg,Nandgaon,16.3778,73.6875,1.62E+14,1.6224E+14
W1303329773,Maharashtra,Sindudurg,Narange,16.3,73.45,1.62E+14,1.618E+14
Wccc125590f,Maharashtra,Sindudurg,Palsamb,16.2422,73.5422,1.61E+14,1.61432E+14
Weffefa72df,Maharashtra,Sindudurg,Ramgarh,16.2417,73.6,1.61E+14,1.6143E+14
Wa5f5763650,Maharashtra,Sindudurg,Sawarwad,16.0889,73.6389,1.61E+14,1.6052E+14
Wd97af18f35,Maharashtra,Sindudurg,Shirgaon (shirgar),16.3833,73.5833,1.62E+14,1.623E+14
W30c48de556,Maharashtra,Sindudurg,Terela,16.45,73.6667,1.63E+14,1.627E+14
Wd4ea50110c,Maharashtra,Sindudurg,Vados,16.0028,73.825,1.60E+14,1.6001E+14
W217a91bb38,Maharashtra,Sindudurg,Vagothan,16.4833,73.4167,1.63E+14,1.629E+14
W0aa927b0ae,Maharashtra,Sindudurg,Vengurla,15.85,73.65,1.55E+14,1.551E+14
Wb1e12c7511,Maharashtra,Sindudurg,Vijaydurg,16.5489,73.3308,1.63E+14,1.63256E+14
W7b735226e2,Maharashtra,Sindudurg,Wareri,16.3903,73.5222,1.62E+14,1.62325E+14
W52ed18de75,Maharashtra,Sindudurg,Zarap,15.9333,73.75,1.56E+14,1.556E+14
W75af609c8c,Maharashtra,Thane,Angaon,19.3667,73.0833,1.92E+14,1.922E+14
Wcd94fb7089,Maharashtra,Thane,Balkhapara,19.8833,73.1667,1.95E+14,1.953E+14
W3f78514bbd,Maharashtra,Thane,Bhaindarpada,19.2833,72.95,1.92E+14,1.917E+14
Wa62f7df166,Maharashtra,Thane,Cherfully,19.4667,73.3333,1.93E+14,1.928E+14
Wecbdf0ed78,Maharashtra,Thane,Dahisar,19.1111,73.0639,1.91E+14,1.9064E+14
Wb9cdc4e627,Maharashtra,Thane,Gothanpada,19.6667,73.0833,1.94E+14,1.94E+14
Wbcc5f9c634,Maharashtra,Thane,Jogamargepada,19.575,73.1819,1.93E+14,1.9343E+14
Wc0dd1fc97f,Maharashtra,Thane,Karahe,19.9111,73.1167,1.95E+14,1.9544E+14
W04909f8cf0,Maharashtra,Thane,Katolwadi (mulgaon),19.1639,73.3028,1.91E+14,1.9095E+14
Wa52e764406,Maharashtra,Thane,Kolimb,19.2833,73.2667,1.92E+14,1.917E+14
W6c5ffa44fb,Maharashtra,Thane,Nishanpada,19.4556,73.5333,1.93E+14,1.9272E+14
W133e83c00d,Maharashtra,Thane,Rinzadpada (kanchad),19.6778,73.0111,1.94E+14,1.9404E+14
W2a7a51ea36,Maharashtra,Thane,Sarsun,20.0125,73.2319,2.00E+14,2.00045E+14
W54bea873ca,Maharashtra,Thane,Sathgaon,19.4472,73.4389,1.93E+14,1.9265E+14
W9592cc4767,Maharashtra,Thane,Vikramgadh,19.7967,73.095,1.95E+14,1.94748E+14
W0a481b7895,Maharashtra,Wardha,Ajda,20.65,78.9292,2.04E+14,2.039E+14
W6e21122553,Maharashtra,Wardha,Alipur,20.5489,78.6942,2.03E+14,2.03256E+14
W8d0e165288,Maharashtra,Wardha,Ashti,21.2,78.1833,2.11E+14,2.112E+14
W6ca4f3ced2,Maharashtra,Wardha,Bhidi,20.5717,78.4036,2.03E+14,2.03418E+14
W09368da8a4,Maharashtra,Wardha,Dahegaon,20.7333,78.45,2.04E+14,2.044E+14
W698bf6a001,Maharashtra,Wardha,Dahigaon,20.7544,78.4853,2.05E+14,2.04516E+14
W13254918e1,Maharashtra,Wardha,Daroda,20.4667,78.7833,2.03E+14,2.028E+14
W7004fbbc8b,Maharashtra,Wardha,Dhadi,21.2667,78.2333,2.12E+14,2.116E+14
W1854b8a924,Maharashtra,Wardha,Dhondgaon,20.6317,79.0578,2.04E+14,2.03754E+14
W936ef49c18,Maharashtra,Wardha,Girad,20.6583,79.1167,2.04E+14,2.0393E+14
Wc943486feb,Maharashtra,Wardha,Giroli,20.5489,78.585,2.03E+14,2.03256E+14
Wf5357e464e,Maharashtra,Wardha,Hinganghat,20.55,78.8167,2.03E+14,2.033E+14
W7057a205da,Maharashtra,Wardha,Hingni,20.9083,78.7167,2.05E+14,2.0543E+14
Wd15aa8e405,Maharashtra,Wardha,Khandali,20.7375,78.9256,2.04E+14,2.04415E+14
W837f2f34fb,Maharashtra,Wardha,Kharangana,20.9167,78.4833,2.06E+14,2.055E+14
We68bdee6a2,Maharashtra,Wardha,Madni (new),20.655,78.775,2.04E+14,2.03918E+14
Wd01dbdccb9,Maharashtra,Wardha,Nagalwadi,21.1667,78.4333,2.11E+14,2.11E+14
Wd433661920,Maharashtra,Wardha,Pipri,20.3889,78.7353,2.02E+14,2.0232E+14
W2f989e979d,Maharashtra,Wardha,Sakhra,20.5461,79.1064,2.03E+14,2.03246E+14
W2b7347235c,Maharashtra,Wardha,Samudrapur,20.6389,78.9639,2.04E+14,2.0382E+14
W5998c6b2d6,Maharashtra,Wardha,Sonegaon,20.6167,78.7167,2.04E+14,2.037E+14
W5f482fa21d,Maharashtra,Wardha,Tigaon,20.7639,78.5236,2.05E+14,2.0455E+14
W04c854ba8e,Maharashtra,Wardha,Vadad,20.6583,78.5667,2.04E+14,2.0393E+14
W7c26af5b72,Maharashtra,Wardha,Wasi,20.5167,79.0417,2.03E+14,2.031E+14
W4c6055848d,Maharashtra,Wardha,Yelakeli,20.8139,78.5903,2.05E+14,2.0485E+14
Wea3e2424d9,Andhra pradesh,Anantapur,Daboh,25.9961,78.8792,2.56E+14,2.55946E+14
Wef118b9b72,Andhra pradesh,Anantapur,Lahar,26.1861,78.9472,2.61E+14,2.6111E+14
W58850b3d6e,Madhya pradesh,Agar malwa,Amla,23.8525,76.1042,2.35E+14,2.35109E+14
Wa2014d3604,Madhya pradesh,Agar malwa,Barod,23.7878,75.8061,2.35E+14,2.34716E+14
W61396f5d54,Madhya pradesh,Agar malwa,Guradi bangla,24.08,76.155,2.40E+14,2.40448E+14
Waeeb9ebb30,Madhya pradesh,Agar malwa,Matkotra,23.7389,75.8533,2.34E+14,2.3442E+14
Wc729b1d6ae,Madhya pradesh,Agar malwa,Soyat,24.1883,76.1744,2.41E+14,2.41118E+14
W38e7e6e385,Madhya pradesh,Alirajpur,Alirajpur,22.3094,74.3525,2.22E+14,2.21834E+14
W16c1eddcea,Madhya pradesh,Alirajpur,Borkua,22.2236,74.3422,2.21E+14,2.21325E+14
Wf4dd7d18fa,Madhya pradesh,Alirajpur,Chandpur,22.3569,74.2425,2.22E+14,2.22125E+14
Wb37d2dd9b9,Madhya pradesh,Alirajpur,Kathiwara,22.4808,74.1503,2.23E+14,2.22851E+14
W93e37ad948,Madhya pradesh,Anuppur,Dhangaon,23.0306,81.8389,2.30E+14,2.3015E+14
W453557e685,Madhya pradesh,Anuppur,Jhiriyatola,23.2144,82.1042,2.31E+14,2.31252E+14
W168ad2af9d,Madhya pradesh,Anuppur,Kerar,23.0097,81.6103,2.30E+14,2.30035E+14
W255aa2e8a5,Madhya pradesh,Anuppur,Kotma,23.1958,81.9786,2.31E+14,2.31145E+14
We5731620f3,Madhya pradesh,Anuppur,Lapta,22.9836,81.8894,2.26E+14,2.25901E+14
W7a09a4595f,Madhya pradesh,Anuppur,Piparaha,22.8583,81.6458,2.25E+14,2.2513E+14
Wfca51a36e1,Madhya pradesh,Anuppur,Rajendra gram,22.9333,81.6083,2.26E+14,2.256E+14
W1773206399,Madhya pradesh,Ashok nagar,Ashoknagar(d),24.5633,77.7242,2.43E+14,2.43348E+14
W178140f07a,Madhya pradesh,Ashok nagar,Bahadurpur,24.3417,77.9692,2.42E+14,2.4203E+14
W3a57256af7,Madhya pradesh,Ashok nagar,Chanderi(d),24.7125,78.1364,2.44E+14,2.44245E+14
Wc1a2cd0be0,Madhya pradesh,Ashok nagar,Chanderi,24.7117,78.1358,2.44E+14,2.44242E+14
W4294546b3d,Madhya pradesh,Ashok nagar,Dhakoni,24.7625,77.8583,2.45E+14,2.44545E+14
W4904217886,Madhya pradesh,Ashok nagar,Mungaoli,24.4031,78.1094,2.42E+14,2.42411E+14
Wbc8201e88c,Madhya pradesh,Ashok nagar,Piprod(s),24.7397,78.0014,2.44E+14,2.44423E+14
W52dc5bd0e2,Madhya pradesh,Balaghat,Bagholi,22.1417,80.3694,2.21E+14,2.2083E+14
W7dc187d193,Madhya pradesh,Balaghat,Baihar(d),22.1042,80.5514,2.21E+14,2.20615E+14
Wd22d51cb57,Madhya pradesh,Balaghat,Bhaisanghat,22.1833,80.7139,2.21E+14,2.211E+14
We3d136c0a5,Madhya pradesh,Balaghat,Bhanegaon,21.5514,80.4083,2.13E+14,2.13305E+14
W37808010f0,Madhya pradesh,Balaghat,Bonkatta,21.6056,79.7625,2.14E+14,2.1362E+14
W15879c92cc,Madhya pradesh,Balaghat,Damoh(s),21.8964,80.7953,2.15E+14,2.15347E+14
W6005384bb8,Madhya pradesh,Balaghat,Garraghoda,21.6361,79.7861,2.14E+14,2.1381E+14
Wb39841bd9b,Madhya pradesh,Balaghat,Jawaditula,22.2358,80.8708,2.21E+14,2.21409E+14
W12a3e4332d,Madhya pradesh,Balaghat,Katedhara,21.7139,79.7972,2.14E+14,2.1425E+14
Wdb7184628e,Madhya pradesh,Balaghat,Kochwahi,21.7903,79.9286,2.15E+14,2.14725E+14
W020ce2ec62,Madhya pradesh,Balaghat,Laugur,21.93,80.3519,2.16E+14,2.15548E+14
W2f4d002d8f,Madhya pradesh,Balaghat,Miragpur,21.6306,79.8389,2.14E+14,2.1375E+14
Wcc2f498cda,Madhya pradesh,Balaghat,Mukki,22.1542,80.6722,2.21E+14,2.20915E+14
W3e0bb59886,Madhya pradesh,Balaghat,Newargaon,21.8106,80.0458,2.15E+14,2.14838E+14
W502f834a97,Madhya pradesh,Balaghat,Paraswara,22.1764,80.3008,2.21E+14,2.21035E+14
W4a84d91820,Madhya pradesh,Balaghat,Rampalli,21.6644,80.0172,2.14E+14,2.13952E+14
Wfdfb24255b,Madhya pradesh,Balaghat,Rangpatbaba,22.1528,80.2167,2.21E+14,2.2091E+14
W10bbbaffa6,Madhya pradesh,Balaghat,Saletekhri,21.7806,80.81,2.15E+14,2.1465E+14
W8c317d98e9,Madhya pradesh,Balaghat,Samnapur,21.9694,80.4903,2.16E+14,2.1581E+14
W87c7946400,Madhya pradesh,Barwani,Balsamund,21.8089,75.1753,2.15E+14,2.14832E+14
W13b70b7ae1,Madhya pradesh,Barwani,Baruphatak,21.9808,75.3025,2.16E+14,2.15851E+14
W2e20c23bd7,Madhya pradesh,Barwani,Julwania,21.8714,75.1847,2.15E+14,2.15217E+14
We0eaf3abf8,Madhya pradesh,Betul,Athner1,21.6211,77.9208,2.14E+14,2.13716E+14
W8e6bb785da,Madhya pradesh,Betul,Bhainsdehi1,21.6444,77.6367,2.14E+14,2.1384E+14
W3855e153b4,Madhya pradesh,Betul,Bhonra,22.2778,77.8697,2.22E+14,2.2164E+14
Wf1e8ab6610,Madhya pradesh,Betul,Ghatpiparia,21.8822,78.5186,2.15E+14,2.15256E+14
W7f42d21423,Madhya pradesh,Betul,Gudagaon,21.5917,77.7103,2.14E+14,2.1353E+14
Wcba4c6fa3c,Madhya pradesh,Betul,Jhallar,21.7256,77.7425,2.14E+14,2.14332E+14
W8e3f6fc439,Madhya pradesh,Betul,Junapani,21.7206,78.3533,2.14E+14,2.14314E+14
W862ca09f1a,Madhya pradesh,Betul,Kapasia,21.8306,78.4153,2.15E+14,2.1495E+14
W63aee88219,Madhya pradesh,Betul,Kolgaon,21.7686,77.8939,2.15E+14,2.14607E+14
Wd7ab19d037,Madhya pradesh,Betul,Kotal kund,21.4631,77.6583,2.13E+14,2.12747E+14
W0db719fecd,Madhya pradesh,Betul,Pattan,21.6508,78.2661,2.14E+14,2.13903E+14
W03a7d85296,Madhya pradesh,Betul,Sarni,22.1183,78.1425,2.21E+14,2.20706E+14
W77defba2d3,Madhya pradesh,Betul,Sasundra,21.8467,78.0919,2.15E+14,2.15048E+14
W4563b3072a,Madhya pradesh,Betul,Shahpur,22.1894,77.9042,2.21E+14,2.21122E+14
W4b8837e910,Madhya pradesh,Bhind,Ater,26.75,78.6442,2.65E+14,2.645E+14
Wbde1356cd3,Madhya pradesh,Bhind,Mau,26.27,78.6667,2.62E+14,2.61612E+14
W60e8c355df,Madhya pradesh,Bhind,Mehgaon,26.4978,78.6011,2.63E+14,2.62952E+14
We06f112947,Madhya pradesh,Bhopal,Berasia,23.6228,77.4306,2.34E+14,2.33722E+14
Wbec0ae8638,Madhya pradesh,Bhopal,Bilkhiria,23.2544,77.5806,2.32E+14,2.31516E+14
Wf9e3426eb7,Madhya pradesh,Bhopal,Islamnagar,23.3561,77.4178,2.32E+14,2.32122E+14
W9a2927e6cf,Madhya pradesh,Bhopal,Nagirabad,23.7944,77.2564,2.35E+14,2.3474E+14
Wec0bea848c,Madhya pradesh,Burhanpur,Dehnala,21.5292,76.3106,2.13E+14,2.13145E+14
W5c05212da9,Madhya pradesh,Burhanpur,Ichchapur,21.1517,76.1617,2.11E+14,2.10906E+14
W946d794c33,Madhya pradesh,Burhanpur,Nachankheda,21.2317,76.15,2.11E+14,2.11354E+14
Wdb46742d07,Madhya pradesh,Burhanpur,Nepa nagar,21.4533,76.3936,2.13E+14,2.12712E+14
Wf6dea502cc,Madhya pradesh,Chhatarpur,Bijawar,24.6503,79.4981,2.44E+14,2.43901E+14
W27bf631625,Madhya pradesh,Chhatarpur,Buxwaha,24.2486,79.2872,2.41E+14,2.41455E+14
W884e4be53d,Madhya pradesh,Chhatarpur,Chandla,25.0672,80.1944,2.50E+14,2.50402E+14
W0181cc9646,Madhya pradesh,Chhatarpur,Chandra nagar,24.75,79.9589,2.45E+14,2.445E+14
W0377c7faf7,Madhya pradesh,Chhatarpur,Ganj,24.7919,79.7953,2.45E+14,2.44731E+14
W427f77034b,Madhya pradesh,Chhatarpur,Gaurihar,25.2683,80.1944,2.52E+14,2.51606E+14
Wa2eacb5639,Madhya pradesh,Chhatarpur,Gulganj,24.6925,79.3689,2.44E+14,2.44133E+14
Wafab54a738,Madhya pradesh,Chhatarpur,Khair kalan,24.5622,79.5328,2.43E+14,2.43344E+14
W3151b769f1,Madhya pradesh,Chhatarpur,Kurri,24.8681,79.72,2.45E+14,2.45205E+14
Wef671a5a35,Madhya pradesh,Chhatarpur,Maharajpur,25.0208,79.7256,2.50E+14,2.50115E+14
W8e4725780a,Madhya pradesh,Chhatarpur,Matgawan,24.7978,79.4772,2.45E+14,2.44752E+14
W7ea79e9c18,Madhya pradesh,Chhatarpur,Niwari1,24.9964,79.6514,2.46E+14,2.45947E+14
W08ff149088,Madhya pradesh,Chhatarpur,Nowgaon,25.0542,79.45,2.50E+14,2.50315E+14
Wf884e5fea3,Madhya pradesh,Chhatarpur,Raipura,24.4814,79.7231,2.43E+14,2.42853E+14
Wcc67869d76,Madhya pradesh,Chhatarpur,Sadwa,24.4775,79.275,2.43E+14,2.42839E+14
W76ff18135e,Madhya pradesh,Chhatarpur,Sarwai,25.1861,80.2872,2.51E+14,2.5111E+14
W8b5eb248b3,Madhya pradesh,Chhatarpur,Sendpa,24.5469,79.2528,2.43E+14,2.43249E+14
W4a9758574b,Madhya pradesh,Chhatarpur,Tapra,24.5881,79.6097,2.44E+14,2.43517E+14
Wc71840f927,Madhya pradesh,Chhindwara,Bangaon1,21.5725,78.4472,2.13E+14,2.13421E+14
W54af67e131,Madhya pradesh,Chhindwara,Chaurai1,22.0536,79.2508,2.20E+14,2.20313E+14
W2e8766cc1d,Madhya pradesh,Chhindwara,Chhindi,22.3875,78.8239,2.22E+14,2.22315E+14
W84425b4ce2,Madhya pradesh,Chhindwara,Goni,21.8214,79.0131,2.15E+14,2.14917E+14
Wff6f9fe453,Madhya pradesh,Chhindwara,Jamai,22.1956,78.5947,2.21E+14,2.21144E+14
Wcda472fbb6,Madhya pradesh,Chhindwara,Jamuai(d),22.1944,78.6017,2.21E+14,2.2114E+14
W27800ddc63,Madhya pradesh,Chhindwara,Kundali,22.7761,79.2272,2.25E+14,2.24634E+14
W85d3364c4e,Madhya pradesh,Chhindwara,Lahgudna,22.2722,78.7242,2.22E+14,2.2162E+14
Wa36b5535f3,Madhya pradesh,Chhindwara,Linga rly.stn.,21.9625,78.9378,2.16E+14,2.15745E+14
W4e891a9d5d,Madhya pradesh,Chhindwara,Mahaljhir,22.6094,78.5744,2.24E+14,2.23634E+14
Wd730ca5d19,Madhya pradesh,Chhindwara,Mohi,21.6581,78.4408,2.14E+14,2.13929E+14
W33ac139466,Madhya pradesh,Chhindwara,Piplanarayanwar,21.5878,78.7314,2.14E+14,2.13516E+14
W6384b1a4fc,Madhya pradesh,Chhindwara,Rajna,21.5403,78.6389,2.13E+14,2.13225E+14
W5618ec77bd,Madhya pradesh,Chhindwara,Ramgarh,22.1747,79.2717,2.21E+14,2.21029E+14
W78f965bc70,Madhya pradesh,Chhindwara,Renikhera,22.5444,78.5725,2.23E+14,2.2324E+14
Wab7e2adf82,Madhya pradesh,Chhindwara,Saonri1,21.9647,78.7703,2.16E+14,2.15753E+14
W4f4eb37e3d,Madhya pradesh,Chhindwara,Sarangbheri,21.8669,78.9528,2.15E+14,2.15201E+14
W3a9f2fc0fc,Madhya pradesh,Chhindwara,Sausar,21.6553,78.8056,2.14E+14,2.13919E+14
W42c38e7d29,Madhya pradesh,Chhindwara,Silwanighati,21.7881,78.8306,2.15E+14,2.14717E+14
Wd3ef05b911,Madhya pradesh,Chhindwara,Singhori,22.2011,79.0617,2.21E+14,2.21204E+14
W0244db7249,Madhya pradesh,Damoh,Abhana,23.705,79.5367,2.34E+14,2.34218E+14
W7b6c027222,Madhya pradesh,Damoh,Damoh(d),23.8228,79.4367,2.35E+14,2.34922E+14
Wc96e1fec27,Madhya pradesh,Damoh,Gaisabad,24.2356,79.8269,2.41E+14,2.41408E+14
Wbde7006108,Madhya pradesh,Damoh,Hardua,24.175,79.6708,2.41E+14,2.4103E+14
W288722c615,Madhya pradesh,Damoh,Hindoria,23.8972,79.5667,2.35E+14,2.3535E+14
W58d1daece2,Madhya pradesh,Damoh,Jabera(d),23.5514,79.6867,2.33E+14,2.33305E+14
W004fd349e7,Madhya pradesh,Damoh,Jabera1,23.5375,79.7014,2.33E+14,2.33215E+14
W26a5488544,Madhya pradesh,Damoh,Majhgawa,24.0656,79.6397,2.40E+14,2.40356E+14
W09cbed6a82,Madhya pradesh,Damoh,Palar,23.9292,79.4694,2.36E+14,2.35545E+14
Wc1c3d2420b,Madhya pradesh,Damoh,Patera(d),23.9914,79.6783,2.36E+14,2.35929E+14
W2cc3ce9ab8,Madhya pradesh,Damoh,Piparia,23.955,79.4044,2.36E+14,2.35718E+14
W70a04c2657,Madhya pradesh,Damoh,Tendukheda2,23.3964,79.5389,2.32E+14,2.32347E+14
W3f2737fc2d,Madhya pradesh,Datia,Bhander,25.7328,78.7431,2.54E+14,2.54358E+14
W3cbdd61dfe,Madhya pradesh,Datia,Datia,25.6453,78.4594,2.54E+14,2.53843E+14
Wed19ee5107,Madhya pradesh,Datia,Pandokhar,25.89,78.7956,2.55E+14,2.55324E+14
W0a087b557d,Madhya pradesh,Datia,Ruduapura,25.7783,78.5006,2.55E+14,2.54642E+14
W4c96710c1d,Madhya pradesh,Dewas,Bagli1,22.6392,76.3472,2.24E+14,2.23821E+14
We7015d899f,Madhya pradesh,Dewas,Bamohri,22.7089,76.2753,2.24E+14,2.24232E+14
W5d28a52a40,Madhya pradesh,Dewas,Bhikupura,22.5386,76.3389,2.23E+14,2.23219E+14
Wcd806e3617,Madhya pradesh,Dewas,Bhonrasa,22.9878,76.2069,2.26E+14,2.25916E+14
W739fe7e92a,Madhya pradesh,Dewas,Bijawad(d),22.6989,76.5708,2.24E+14,2.24156E+14
Wf70c170929,Madhya pradesh,Dewas,Bijawad,22.6989,76.5722,2.24E+14,2.24156E+14
W37f1974d7a,Madhya pradesh,Dewas,Dewas,22.9736,76.0681,2.26E+14,2.25825E+14
W085181346b,Madhya pradesh,Dewas,Kannod,22.6644,76.7514,2.24E+14,2.23952E+14
W76c4d70b71,Madhya pradesh,Dewas,Kantaphor,22.5764,76.5664,2.23E+14,2.23435E+14
W0dcd89b353,Madhya pradesh,Dewas,Karnawad,22.73,76.2292,2.24E+14,2.24348E+14
W860ee69029,Madhya pradesh,Dewas,Mandu,22.3467,75.3983,2.22E+14,2.22048E+14
W884264cd62,Madhya pradesh,Dewas,Nevri,22.8581,76.25,2.25E+14,2.25129E+14
W9e53b723e1,Madhya pradesh,Dewas,Pipilianankar,22.5861,77.0014,2.24E+14,2.2351E+14
W192c3ecb02,Madhya pradesh,Dewas,Pipri,22.3986,76.2781,2.22E+14,2.22355E+14
Wea008caec5,Madhya pradesh,Dewas,Punjapura,22.5464,76.37,2.23E+14,2.23247E+14
W1894e8eaeb,Madhya pradesh,Dewas,Sonkutch(d),22.9731,76.3522,2.26E+14,2.25823E+14
Wf593111760,Madhya pradesh,Dewas,Tanda,22.5053,74.855,2.23E+14,2.23019E+14
We573bec42c,Madhya pradesh,Dhar,Amjhira,22.5558,75.1228,2.23E+14,2.23321E+14
W784fb44176,Madhya pradesh,Dhar,Chayan,23.0247,75.1367,2.30E+14,2.30129E+14
W70a19b1dce,Madhya pradesh,Dhar,Dasai,22.7219,75.1322,2.24E+14,2.24319E+14
W5f4469b52b,Madhya pradesh,Dhar,Dhar,22.5914,75.3178,2.24E+14,2.23529E+14
W485e134fe9,Madhya pradesh,Dhar,Dharampuri1,22.1525,75.3472,2.21E+14,2.20909E+14
Wc0f994e9b4,Madhya pradesh,Dhar,Dhulsar,22.2053,74.8694,2.21E+14,2.21219E+14
W64a4791d4c,Madhya pradesh,Dhar,Gandhwani,22.3356,75.0053,2.22E+14,2.22008E+14
Wf913c6d59d,Madhya pradesh,Dhar,Gujri1,22.3208,75.5,2.22E+14,2.21915E+14
Wd0cb3d9332,Madhya pradesh,Dhar,Julana,22.7814,74.9892,2.25E+14,2.24653E+14
Wbc180b6de3,Madhya pradesh,Dhar,Rajod,22.9544,75.0669,2.26E+14,2.25716E+14
W5d87f2f9bb,Madhya pradesh,Dhar,Sardarpur,22.6678,74.9744,2.24E+14,2.24004E+14
W7bed8d86fa,Madhya pradesh,Dhar,Singhana,22.1875,74.9686,2.21E+14,2.21115E+14
Webf410c0b2,Madhya pradesh,Dhar,Zeerabad,22.3975,75.0697,2.22E+14,2.22351E+14
W2bd7bed2eb,Madhya pradesh,Dindori,Dindori,22.9333,81.0917,2.26E+14,2.256E+14
W72fd3f5985,Madhya pradesh,Dindori,Gadasarai,22.8197,81.3306,2.25E+14,2.24911E+14
W4ed3355f09,Madhya pradesh,Dindori,Gorakhpur,22.7478,81.4494,2.24E+14,2.24452E+14
Wb48c22196a,Madhya pradesh,Dindori,Karanjiya,22.7111,81.6211,2.24E+14,2.2424E+14
We16ea6d23e,Madhya pradesh,Dindori,Katangi1,23.1261,80.6261,2.31E+14,2.30734E+14
Wdea55d1633,Madhya pradesh,Dindori,Salaiya,22.9097,80.9472,2.25E+14,2.25435E+14
W811147047d,Madhya pradesh,Dindori,Shahpura2,23.1833,80.7006,2.31E+14,2.311E+14
W45dcdaa7bc,Madhya pradesh,East nimar,Balwara1,21.7,76.5161,2.14E+14,2.142E+14
W153b69d13a,Madhya pradesh,East nimar,Chanera,21.9617,76.6981,2.16E+14,2.15742E+14
Wf43b635d50,Madhya pradesh,East nimar,Chhegaonmakhan,21.8319,76.2178,2.15E+14,2.14955E+14
W15fbae91ab,Madhya pradesh,East nimar,Jawar,21.9297,76.4475,2.16E+14,2.15547E+14
Wed003f3b34,Madhya pradesh,East nimar,Kahlari,21.9828,76.4639,2.16E+14,2.15858E+14
Wa93ba4ffb4,Madhya pradesh,East nimar,Kalamkalan,21.8628,76.7086,2.15E+14,2.15146E+14
Wfe6e165fe6,Madhya pradesh,East nimar,Karoli,22.1417,76.2064,2.21E+14,2.2083E+14
W8c41cd1be5,Madhya pradesh,East nimar,Khalwa1,21.8053,76.7456,2.15E+14,2.14819E+14
W05e0b224c4,Madhya pradesh,East nimar,Kusumbiya,21.6886,76.1978,2.14E+14,2.14119E+14
W662755ef7e,Madhya pradesh,East nimar,Mundi,22.0631,76.4917,2.20E+14,2.20347E+14
W85eef1f92d,Madhya pradesh,East nimar,Pandhana,21.6989,76.2269,2.14E+14,2.14156E+14
Wa5c1ca47bf,Madhya pradesh,East nimar,Roshiya,21.9561,76.1561,2.16E+14,2.15722E+14
We4ee6e43ef,Madhya pradesh,Guna,Akoda,24.865,77.19,2.45E+14,2.45154E+14
W9b313d44c8,Madhya pradesh,Guna,Amlia,24.2117,77.1967,2.41E+14,2.41242E+14
Wa5d71d046e,Madhya pradesh,Guna,Khatkiya,24.3297,77.1033,2.42E+14,2.41947E+14
W29a0ed5105,Madhya pradesh,Guna,Penchi,24.1356,77.01,2.41E+14,2.40808E+14
W439fca8138,Madhya pradesh,Guna,Rampur-ii,24.7706,77.1675,2.45E+14,2.44614E+14
W54660612e8,Madhya pradesh,Gwalior,Aron,25.9519,77.9308,2.56E+14,2.55707E+14
Wb72f1d6135,Madhya pradesh,Gwalior,Behat,26.1736,78.5428,2.61E+14,2.61025E+14
W5ea5d3c247,Madhya pradesh,Gwalior,Charai shyampur,25.9747,77.8314,2.56E+14,2.55829E+14
W4f49bbb6f9,Madhya pradesh,Gwalior,Ghantigaon,26.05,77.9333,2.60E+14,2.603E+14
W4bfd543d05,Madhya pradesh,Gwalior,Gwalior(s),26.2239,78.1944,2.61E+14,2.61326E+14
Wa3034554d4,Madhya pradesh,Gwalior,Harsibandh,25.7617,77.9289,2.55E+14,2.54542E+14
Wbc41c038a4,Madhya pradesh,Gwalior,Mohana(s),25.8856,77.7697,2.55E+14,2.55308E+14
W39180501e0,Madhya pradesh,Gwalior,Mohna,25.8972,77.7772,2.55E+14,2.5535E+14
Waac1183620,Madhya pradesh,Harda,Chhidgaon,22.3944,77.2975,2.22E+14,2.2234E+14
W06aa822f07,Madhya pradesh,Harda,Handia,22.4844,76.9811,2.23E+14,2.22904E+14
W8890ea5299,Madhya pradesh,Harda,Mandla,22.2186,76.9469,2.21E+14,2.21307E+14
W20cdbb2415,Madhya pradesh,Harda,Mohanpur1,22.2547,77.23,2.22E+14,2.21517E+14
W0a1588e480,Madhya pradesh,Harda,Temagaon,22.2983,77.3206,2.22E+14,2.21754E+14
W1874c04f3e,Madhya pradesh,Hoshangabad,Baharpur,22.7356,78.0736,2.24E+14,2.24408E+14
W72b6c2cde5,Madhya pradesh,Hoshangabad,Bhilatdeo,22.4908,77.5283,2.23E+14,2.22927E+14
Wd91efdea96,Madhya pradesh,Hoshangabad,Matkuli,22.5922,78.4578,2.24E+14,2.23532E+14
Wc46c736dd0,Madhya pradesh,Hoshangabad,Pachmarhi,22.4772,78.4392,2.23E+14,2.22838E+14
W5ae91ffe85,Madhya pradesh,Hoshangabad,Sandia,22.9125,78.3553,2.25E+14,2.25445E+14
W25279ae65f,Madhya pradesh,Hoshangabad,Sanwalkhera,22.65,77.6767,2.24E+14,2.239E+14
W9e25e45c4f,Madhya pradesh,Hoshangabad,Semri harchand,22.6886,78.0919,2.24E+14,2.24119E+14
W9c0c68a7e8,Madhya pradesh,Hoshangabad,Seonimalwa,22.4483,77.4656,2.23E+14,2.22654E+14
Wdb17973c03,Madhya pradesh,Hoshangabad,Sohagpur,22.6942,78.1886,2.24E+14,2.24139E+14
W4ea415c930,Madhya pradesh,Hoshangabad,Sonkhera,22.6167,77.8342,2.24E+14,2.237E+14
W3d9f8490a0,Madhya pradesh,Hoshangabad,Suktawa,22.4075,77.8428,2.22E+14,2.22427E+14
W74ae1ecc3f,Madhya pradesh,Indore,Mhow,22.5486,75.7619,2.23E+14,2.23255E+14
Wf83e6ab26e,Madhya pradesh,Indore,Nandpura,22.5139,75.9183,2.23E+14,2.2305E+14
W1a74d9ae21,Madhya pradesh,Indore,Sanwer,22.9711,75.8278,2.26E+14,2.25816E+14
W6ef23c6d52,Madhya pradesh,Jabalpur,Bargi pz,22.9894,79.8742,2.26E+14,2.25922E+14
We1ec8a14fd,Madhya pradesh,Jabalpur,Bishanpura,23.2292,80.2494,2.31E+14,2.31345E+14
W101430ba7b,Madhya pradesh,Jabalpur,Majholi,23.4986,79.9267,2.33E+14,2.32955E+14
W74aa1ad793,Madhya pradesh,Jabalpur,Shahpura,23.1383,79.6653,2.31E+14,2.30818E+14
W040ea5cd92,Madhya pradesh,Jhabua,Bamania,23.0886,74.7614,2.31E+14,2.30519E+14
W674c4c47c6,Madhya pradesh,Jhabua,Jhabua1,22.7711,74.59,2.25E+14,2.24616E+14
W8d7762fe0e,Madhya pradesh,Jhabua,Petlabad,23.0053,74.7989,2.30E+14,2.30019E+14
W5c8aa50272,Madhya pradesh,Jhabua,Ranapur,22.6394,74.5225,2.24E+14,2.23822E+14
Wdc5dab5321,Madhya pradesh,Jhabua,Thandla1,23.0081,74.5789,2.30E+14,2.30029E+14
Wb995b7c269,Madhya pradesh,Jhabua,Tikadimoti,22.6944,74.5422,2.24E+14,2.2414E+14
W4064cbee38,Madhya pradesh,Katni,Barchheka,23.8506,80.5567,2.35E+14,2.35102E+14
W67a617dee0,Madhya pradesh,Katni,Barhi,23.9017,80.8106,2.35E+14,2.35406E+14
W6bcb6d1f11,Madhya pradesh,Katni,Basadi,23.8269,80.6217,2.35E+14,2.34937E+14
W8dedc29f55,Madhya pradesh,Katni,Deogawan,23.9028,80.2514,2.35E+14,2.3541E+14
W2518a8802d,Madhya pradesh,Katni,Katni1,23.8306,80.3986,2.35E+14,2.3495E+14
W76509aa2d0,Madhya pradesh,Katni,Kewlari,23.7972,80.83,2.35E+14,2.3475E+14
W983537ae4d,Madhya pradesh,Katni,Khitoli,23.7106,80.8319,2.34E+14,2.34238E+14
Wc4831627df,Madhya pradesh,Katni,Lakhapateri,23.7083,80.3172,2.34E+14,2.3423E+14
Wb5bbb20ce8,Madhya pradesh,Katni,Majhgawan1,23.8217,80.4986,2.35E+14,2.34918E+14
W1c450eb069,Madhya pradesh,Katni,Piparia2,23.8619,80.6986,2.35E+14,2.35143E+14
W420507bb6b,Madhya pradesh,Katni,Rithi,23.9094,80.1419,2.35E+14,2.35434E+14
W2ecabf2e96,Madhya pradesh,Katni,Ubra,23.9361,80.8144,2.36E+14,2.3561E+14
W7924590de8,Madhya pradesh,Katni,Umariapan,23.5217,80.2917,2.33E+14,2.33118E+14
Wffa01967a3,Madhya pradesh,Mandla,Anjania,22.4936,80.5092,2.23E+14,2.22937E+14
Wae40896bbd,Madhya pradesh,Mandla,Bichhia1,22.4517,80.7,2.23E+14,2.22706E+14
Wcecb18afb6,Madhya pradesh,Mandla,Devgaon,22.7392,80.525,2.24E+14,2.24421E+14
W36188fb6f7,Madhya pradesh,Mandla,Gwari,22.7125,80.3417,2.24E+14,2.24245E+14
Wff4e18d9dd,Madhya pradesh,Mandla,Khari,22.7928,80.4111,2.25E+14,2.24734E+14
W9d448920a2,Madhya pradesh,Mandla,Mahania patpara,22.6847,80.4769,2.24E+14,2.24105E+14
Wc6434f921c,Madhya pradesh,Mandla,Mandla1,22.6,80.3689,2.24E+14,2.236E+14
Wa662357787,Madhya pradesh,Mandla,Manikpur,23.0917,80.5,2.31E+14,2.3053E+14
W079b38f766,Madhya pradesh,Mandla,Nainpur,22.4278,80.1097,2.23E+14,2.2254E+14
W72f145a42a,Madhya pradesh,Mandla,Niwas,23.0392,80.4422,2.30E+14,2.30221E+14
W9edd711347,Madhya pradesh,Mandla,Padmi choraha,22.55,80.4103,2.23E+14,2.233E+14
Wbfa6073cc2,Madhya pradesh,Mandla,Pathiri patpara,22.6083,80.4706,2.24E+14,2.2363E+14
W6f5537ca6f,Madhya pradesh,Mandla,Ramnagar1,22.6139,80.5208,2.24E+14,2.2365E+14
Wbd1850cef3,Madhya pradesh,Mandla,Sijhora,22.4261,80.7772,2.23E+14,2.22534E+14
W774dbe86d1,Madhya pradesh,Mandsaur,Babulda,24.4742,75.6881,2.43E+14,2.42827E+14
W8a579dd9fe,Madhya pradesh,Mandsaur,Badodiya,24.5992,75.6892,2.44E+14,2.43557E+14
W61117fd787,Madhya pradesh,Mandsaur,Barkheranayak,24.2194,75.5219,2.41E+14,2.4131E+14
W0be69a98bd,Madhya pradesh,Mandsaur,Basakheda,24.0317,75.1981,2.40E+14,2.40154E+14
W32b122c88f,Madhya pradesh,Mandsaur,Bhanpura(d),24.5089,75.7444,2.43E+14,2.43032E+14
W7149eb18af,Madhya pradesh,Mandsaur,Bhanpura,24.5117,75.7494,2.43E+14,2.43042E+14
Weda2c9b1fb,Madhya pradesh,Mandsaur,Daloda1,23.925,75.0989,2.36E+14,2.3553E+14
W7680ba9890,Madhya pradesh,Mandsaur,Dharmarajeswar,24.1925,75.5,2.41E+14,2.41133E+14
Wd500b91e3e,Madhya pradesh,Mandsaur,Dudhkheri,24.4314,75.6847,2.43E+14,2.42553E+14
W5e548e6abe,Madhya pradesh,Mandsaur,Garoth1,24.3333,75.6547,2.42E+14,2.42E+14
We3f870adf5,Madhya pradesh,Mandsaur,Khejriya,24.05,75.4897,2.40E+14,2.403E+14
W250f1850e9,Madhya pradesh,Mandsaur,Malhargarh,24.2781,74.9911,2.42E+14,2.41641E+14
W751c1ac8e8,Madhya pradesh,Mandsaur,Mandsaur,24.0528,75.0842,2.40E+14,2.4031E+14
Wecac9cbb68,Madhya pradesh,Mandsaur,Narayangarh,24.2667,75.0539,2.42E+14,2.416E+14
W2ac4b91d86,Madhya pradesh,Mandsaur,Nayakhera,24.0144,75.0833,2.40E+14,2.40052E+14
Wa8a39022ec,Madhya pradesh,Mandsaur,Pipaliya,24.1964,75.0083,2.41E+14,2.41147E+14
W33e57a47bf,Madhya pradesh,Mandsaur,Shamgarh1,24.1914,75.64,2.41E+14,2.41129E+14
W37d072724b,Madhya pradesh,Mandsaur,Surjani,24.0253,75.445,2.40E+14,2.40131E+14
W0351baf349,Madhya pradesh,Mandsaur,Suwasara,24.0769,75.6425,2.40E+14,2.40437E+14
W3f250ea248,Madhya pradesh,Morena,Huseinpur,26.4053,77.6025,2.62E+14,2.62419E+14
Wc01ad1cc3b,Madhya pradesh,Morena,Kailaras,26.2992,77.6086,2.62E+14,2.61757E+14
W12fb24ed88,Madhya pradesh,Morena,Pahargarh,26.2,77.6392,2.61E+14,2.612E+14
Waacb198ba6,Madhya pradesh,Morena,Ranipura,26.2064,77.3347,2.61E+14,2.61223E+14
Wbea4850b34,Madhya pradesh,Narsimhapur,Betli,23.0833,79.03,2.31E+14,2.305E+14
W11cc6659e2,Madhya pradesh,Narsimhapur,Deoribadwani,22.9167,78.6819,2.26E+14,2.255E+14
W52c3941e60,Madhya pradesh,Narsimhapur,Gundrai(ii),23.1772,79.0319,2.31E+14,2.31038E+14
W8ff318b8e7,Madhya pradesh,Narsimhapur,Tendukhera,23.175,78.8711,2.31E+14,2.3103E+14
W44ad6ad0aa,Madhya pradesh,Neemuch,Chachor,24.3722,75.3572,2.42E+14,2.4222E+14
W314741a230,Madhya pradesh,Neemuch,Girdola,24.4622,74.9322,2.43E+14,2.42744E+14
W2bba8b80c4,Madhya pradesh,Neemuch,Gota pipliya,24.48,75.2233,2.43E+14,2.42848E+14
We57a698e20,Madhya pradesh,Neemuch,Jamalpura,24.4867,75.4642,2.43E+14,2.42912E+14
W4ac15427d3,Madhya pradesh,Neemuch,Jawad,24.5942,74.8622,2.44E+14,2.43539E+14
W009f43daed,Madhya pradesh,Neemuch,Morban1,24.6222,75.0,2.44E+14,2.4372E+14
W2e3b9c4120,Madhya pradesh,Neemuch,Neemuch,24.4536,74.8739,2.43E+14,2.42713E+14
Wa9f837e28e,Madhya pradesh,Neemuch,Patan1,24.9072,75.2111,2.45E+14,2.45426E+14
We1d968552e,Madhya pradesh,Neemuch,Rampura,24.4619,75.4411,2.43E+14,2.42743E+14
W628cf374b8,Madhya pradesh,Neemuch,Ratangarh,24.8106,75.1089,2.45E+14,2.44838E+14
W7e76d5e01d,Madhya pradesh,Neemuch,Singoli,24.9678,75.2881,2.46E+14,2.45804E+14
W7f7b7b29ae,Madhya pradesh,Panna,Ajaigarh,24.9903,80.2675,2.46E+14,2.45925E+14
W184137e6ec,Madhya pradesh,Panna,Amanganj,24.4214,80.0339,2.43E+14,2.42517E+14
W557a828828,Madhya pradesh,Panna,Badagaon1,24.6236,80.3456,2.44E+14,2.43725E+14
W58231e69cf,Madhya pradesh,Panna,Bariyarpur,24.8494,80.095,2.45E+14,2.45058E+14
W3865aed383,Madhya pradesh,Panna,Barrachh,24.5453,80.1733,2.43E+14,2.43243E+14
W88c44388d2,Madhya pradesh,Panna,Dharampura,23.9792,80.3147,2.36E+14,2.35845E+14
W3aafa0edee,Madhya pradesh,Panna,Gunaur,24.4628,80.2514,2.43E+14,2.42746E+14
W49303f0c64,Madhya pradesh,Panna,Mohendra,24.1906,79.9661,2.41E+14,2.41126E+14
W416e97a535,Madhya pradesh,Panna,Pandepurwa,24.8417,80.2669,2.45E+14,2.4503E+14
Wb8b93568b6,Madhya pradesh,Panna,Panna1,24.7056,80.1806,2.44E+14,2.4422E+14
W06e3a82c67,Madhya pradesh,Panna,Powai,24.2647,80.1653,2.42E+14,2.41553E+14
W9bdfeef288,Madhya pradesh,Raisen,Bari,23.0306,78.0833,2.30E+14,2.3015E+14
W850b9dc397,Madhya pradesh,Raisen,Barkheda,22.9167,77.6511,2.26E+14,2.255E+14
Wda3d68bef9,Madhya pradesh,Raisen,Begumganj,23.6067,78.3486,2.34E+14,2.33624E+14
Wdbe872a1f8,Madhya pradesh,Raisen,Dehgaon,23.3192,78.0906,2.32E+14,2.31909E+14
Wa4b144faea,Madhya pradesh,Raisen,Deori,23.1236,78.6839,2.31E+14,2.30725E+14
Wce774e3ffb,Madhya pradesh,Raisen,Gairatganj,23.4083,78.2261,2.32E+14,2.3243E+14
W6bb289655d,Madhya pradesh,Raisen,Goharganj,23.0261,77.6786,2.30E+14,2.30134E+14
Wd2b442b684,Madhya pradesh,Raisen,Hathi palan,23.0764,77.7533,2.30E+14,2.30435E+14
W52e3cb290d,Madhya pradesh,Raisen,Khiria,23.0922,78.4833,2.31E+14,2.30532E+14
We508d8b66a,Madhya pradesh,Raisen,Paloha,23.5319,78.2958,2.33E+14,2.33155E+14
W50b118a710,Madhya pradesh,Raisen,Salamatpurchoraha,23.4525,77.6975,2.33E+14,2.32709E+14
W71dd0222c1,Madhya pradesh,Raisen,Sultanpur,23.1356,77.9319,2.31E+14,2.30808E+14
W1e869ba8c2,Madhya pradesh,Rajgarh,Biora (d),23.9106,76.9083,2.35E+14,2.35438E+14
We9e2cd3720,Madhya pradesh,Rajgarh,Biora,23.9133,76.9167,2.35E+14,2.35448E+14
Wf9fe4bff25,Madhya pradesh,Rajgarh,Chhapihera,23.8967,76.4533,2.35E+14,2.35348E+14
W97383e4194,Madhya pradesh,Rajgarh,Ganayari,23.6906,77.0083,2.34E+14,2.34126E+14
W9e862d44c5,Madhya pradesh,Rajgarh,Gandhigram,23.6742,77.0694,2.34E+14,2.34027E+14
W616f52317d,Madhya pradesh,Rajgarh,Khilchipur,24.0425,76.5792,2.40E+14,2.40233E+14
W2fc146403a,Madhya pradesh,Rajgarh,Machalpur,24.13,76.3139,2.41E+14,2.40748E+14
Wb5383fbf3f,Madhya pradesh,Rajgarh,Narsinghgarh(d),23.7075,77.0758,2.34E+14,2.34227E+14
W2861ed7d20,Madhya pradesh,Rajgarh,Sarangpur,23.5694,76.4722,2.33E+14,2.3341E+14
W2745a6241a,Madhya pradesh,Ratlam,Alot,23.7578,75.5297,2.35E+14,2.34528E+14
We261f33409,Madhya pradesh,Ratlam,Dhannod,23.4403,74.9775,2.33E+14,2.32625E+14
W2e348c914c,Madhya pradesh,Ratlam,Jaora,23.6333,75.1222,2.34E+14,2.338E+14
Wb1c97d66f9,Madhya pradesh,Ratlam,Rajapur,23.3408,74.73,2.32E+14,2.32027E+14
Wdde1cb74df,Madhya pradesh,Ratlam,Raoti1,23.2269,74.8422,2.31E+14,2.31337E+14
Waf4f4463f1,Madhya pradesh,Ratlam,Sailana,23.4569,74.9328,2.33E+14,2.32725E+14
W41273458ae,Madhya pradesh,Ratlam,Shivgarh1,23.3486,74.8617,2.32E+14,2.32055E+14
W510f97401c,Madhya pradesh,Ratlam,Tal,23.7217,75.3833,2.34E+14,2.34318E+14
W7eb0344916,Madhya pradesh,Rewa,Dabhoura,25.1136,81.3019,2.51E+14,2.50649E+14
W771746c8d2,Madhya pradesh,Rewa,Hanumana,24.7769,82.0833,2.45E+14,2.44637E+14
W12d4452838,Madhya pradesh,Rewa,Khatkhari,24.7089,81.9925,2.44E+14,2.44232E+14
Wa3a0d56020,Madhya pradesh,Rewa,Naigarhi(s),24.7867,81.775,2.45E+14,2.44712E+14
W711406f7b1,Madhya pradesh,Rewa,Pahadi,24.75,81.8861,2.45E+14,2.445E+14
W8ad8dc012f,Madhya pradesh,Rewa,Panwar-d,25.0528,81.3542,2.50E+14,2.5031E+14
Wc84ade8fac,Madhya pradesh,Rewa,Raipur,24.5783,81.4367,2.43E+14,2.43442E+14
Waa936b4bda,Madhya pradesh,Rewa,Reethi,24.5219,81.3897,2.43E+14,2.43119E+14
W9b2c2419c9,Madhya pradesh,Rewa,Semaria2,24.7961,81.1519,2.45E+14,2.44746E+14
We7afd8c897,Madhya pradesh,Rewa,Sirmaur(s),24.8339,81.3653,2.45E+14,2.45002E+14
W20ca6c3b7b,Madhya pradesh,Rewa,Sitapur,24.5528,81.77,2.43E+14,2.4331E+14
W3d5889f4eb,Madhya pradesh,Rewa,Teonthar(s),24.9861,81.6361,2.46E+14,2.4591E+14
W70f42fd5f6,Madhya pradesh,Sagar,Banda,24.0456,78.9672,2.40E+14,2.40244E+14
W5e7bc7c522,Madhya pradesh,Sagar,Bandri,24.0417,78.6397,2.40E+14,2.4023E+14
W98354fb9a4,Madhya pradesh,Sagar,Deorikhas,23.3856,79.0156,2.32E+14,2.32308E+14
We55257b939,Madhya pradesh,Sagar,Garhakota(deep),23.7853,79.1333,2.35E+14,2.34707E+14
W1bb883119b,Madhya pradesh,Sagar,Garhakota,23.7839,79.1289,2.35E+14,2.34702E+14
W2e98e682ef,Madhya pradesh,Sagar,Hirapur,24.3656,79.2106,2.42E+14,2.42156E+14
W748daa1e60,Madhya pradesh,Sagar,Hurra,23.7278,78.4053,2.34E+14,2.3434E+14
W04129e7449,Madhya pradesh,Sagar,Jaisingh nagar,23.6261,78.575,2.34E+14,2.33734E+14
W755ca7c7bf,Madhya pradesh,Sagar,Jaruakhera,23.9733,78.4819,2.36E+14,2.35824E+14
W4b68a698e5,Madhya pradesh,Sagar,Kesli,23.4206,78.8056,2.33E+14,2.32514E+14
W6ad739d575,Madhya pradesh,Sagar,Khimlasa,24.2011,78.3631,2.41E+14,2.41204E+14
W1a28abd285,Madhya pradesh,Sagar,Naktapur,24.2764,78.5494,2.42E+14,2.41635E+14
W69498f08bf,Madhya pradesh,Sagar,Naryawali,23.9061,78.5925,2.35E+14,2.35422E+14
W4cf1f8af67,Madhya pradesh,Sagar,Parsoria,23.8539,78.9356,2.35E+14,2.35114E+14
W6aa9b0f6e5,Madhya pradesh,Sagar,Prahlad pura,24.0183,79.0494,2.40E+14,2.40106E+14
W1254fbe313,Madhya pradesh,Sagar,Rehli,23.6406,79.0653,2.34E+14,2.33826E+14
W7b5859dfdd,Madhya pradesh,Sagar,Rehpura,23.7158,78.8136,2.34E+14,2.34257E+14
W37d9855abe,Madhya pradesh,Sagar,Rurawan,24.1817,79.025,2.41E+14,2.41054E+14
W663be7c774,Madhya pradesh,Sagar,Sagar(deep),23.8361,78.7128,2.35E+14,2.3501E+14
Wd0e2a7badc,Madhya pradesh,Sagar,Sagar,23.8333,78.7675,2.35E+14,2.35E+14
Wb4454f0d9a,Madhya pradesh,Sagar,Sarkhedi,23.7361,78.5886,2.34E+14,2.3441E+14
W360939a7cf,Madhya pradesh,Sagar,Shahgarh1,24.3197,79.1194,2.42E+14,2.41911E+14
Wcb5d159b96,Madhya pradesh,Satna,Amdara,24.1039,80.5764,2.41E+14,2.40614E+14
W3a46347e66,Madhya pradesh,Satna,Birsinghpur,24.7975,80.9697,2.45E+14,2.44751E+14
We18e009d8c,Madhya pradesh,Satna,Chitrakoot,25.0667,80.8167,2.50E+14,2.504E+14
W0b152f6bdd,Madhya pradesh,Satna,Chorhata,24.3883,80.9167,2.42E+14,2.42318E+14
Wbf84045c22,Madhya pradesh,Satna,Gorsari,24.2375,81.035,2.41E+14,2.41415E+14
W8e5a5f6b62,Madhya pradesh,Satna,Jaso,24.4986,80.5042,2.43E+14,2.42955E+14
W3000d1efe1,Madhya pradesh,Satna,Kakra,24.3528,81.0389,2.42E+14,2.4211E+14
Wb93c6e85bf,Madhya pradesh,Satna,Kothi,24.7472,80.7767,2.44E+14,2.4445E+14
W427841e437,Madhya pradesh,Satna,Kusendi,24.1714,80.6772,2.41E+14,2.41017E+14
Wb47098ae2e,Madhya pradesh,Satna,Majhagawa,24.9106,80.8133,2.45E+14,2.45438E+14
Wfbcbbdaf3f,Madhya pradesh,Satna,Majhgawan-s,24.9139,80.7972,2.45E+14,2.4545E+14
W4e8e23c885,Madhya pradesh,Satna,Mauhari katra,24.4439,81.1181,2.43E+14,2.42638E+14
W3c88b932b7,Madhya pradesh,Satna,Nagod,24.5717,80.5778,2.43E+14,2.43418E+14
W6c380b1968,Madhya pradesh,Satna,Nakaila,25.0175,80.6861,2.50E+14,2.50103E+14
W9fbfa285e3,Madhya pradesh,Satna,Pahari,24.3917,80.5472,2.42E+14,2.4233E+14
Wf56ee7255b,Madhya pradesh,Satna,Paras maniya,24.3503,80.6158,2.42E+14,2.42101E+14
Wd75e7f54bd,Madhya pradesh,Satna,Pathraundha,24.5403,80.6544,2.43E+14,2.43225E+14
Waa076adaa2,Madhya pradesh,Satna,Pondipithourabd,24.4717,80.7592,2.43E+14,2.42818E+14
Web83ec95df,Madhya pradesh,Satna,Rampur(s),24.5111,81.0564,2.43E+14,2.4304E+14
W3e96db1385,Madhya pradesh,Satna,Rivara,24.1264,80.8681,2.41E+14,2.40735E+14
Weafc9b0fb0,Madhya pradesh,Satna,Satna,24.5681,80.8319,2.43E+14,2.43405E+14
W9421a55255,Madhya pradesh,Satna,Singhpur,24.7017,80.5819,2.44E+14,2.44206E+14
W237b45109c,Madhya pradesh,Satna,Uchehara,24.3617,80.7811,2.42E+14,2.42142E+14
W7da08a646a,Madhya pradesh,Sehore,Chandbar,23.3175,77.0472,2.32E+14,2.31903E+14
W3456a0607d,Madhya pradesh,Sehore,Ichhawar,23.0319,77.0189,2.30E+14,2.30155E+14
W20e972a01d,Madhya pradesh,Sehore,Jattakheda,23.1533,76.9625,2.31E+14,2.30912E+14
W1c7b6280ae,Madhya pradesh,Sehore,Nadan,22.8972,77.1222,2.25E+14,2.2535E+14
Wd44aea2e6c,Madhya pradesh,Sehore,Rala,22.6903,77.3144,2.24E+14,2.24125E+14
W50f8510177,Madhya pradesh,Sehore,Sehore1,23.1617,77.0564,2.31E+14,2.30942E+14
W8e476ce014,Madhya pradesh,Seoni,Ari,21.9472,79.7119,2.16E+14,2.1565E+14
Wace2b4fc6e,Madhya pradesh,Seoni,Banjal,22.3061,79.9986,2.22E+14,2.21822E+14
W68f348fcc1,Madhya pradesh,Seoni,Banjari,22.8181,79.7583,2.25E+14,2.24905E+14
W9eff4c6be8,Madhya pradesh,Seoni,Borghat,22.0328,79.7472,2.20E+14,2.20158E+14
Wc8d6ace0f1,Madhya pradesh,Seoni,Chhapara,22.3939,79.5458,2.22E+14,2.22338E+14
Wd02af57608,Madhya pradesh,Seoni,Dhangada,22.3208,79.8614,2.22E+14,2.21915E+14
W95e510dc2a,Madhya pradesh,Seoni,Dharamkuan,21.875,79.7617,2.15E+14,2.1523E+14
W96aeaec5cc,Madhya pradesh,Seoni,Dhuma,22.75,79.7228,2.25E+14,2.245E+14
W84f5ff5f3d,Madhya pradesh,Seoni,Ghansor1,22.6542,79.9525,2.24E+14,2.23915E+14
W7899344e70,Madhya pradesh,Seoni,Gharghatia,22.6728,79.7897,2.24E+14,2.24022E+14
W144d00d96d,Madhya pradesh,Seoni,Ghunai,22.4411,79.5653,2.23E+14,2.22628E+14
W20d340cfe4,Madhya pradesh,Seoni,Kalyanpur,21.9606,79.8117,2.16E+14,2.15738E+14
W3ab8ab618a,Madhya pradesh,Seoni,Kaniwara,22.2119,79.7397,2.21E+14,2.21243E+14
W28e663c61d,Madhya pradesh,Seoni,Khamaria,22.5986,79.7911,2.24E+14,2.23555E+14
W50cb678a2b,Madhya pradesh,Seoni,Khawasa,21.7619,79.4719,2.15E+14,2.14543E+14
Wfa2a7c5d4a,Madhya pradesh,Seoni,Kudari,22.4075,79.8125,2.22E+14,2.22427E+14
W927ab2a7d1,Madhya pradesh,Seoni,Kuropar,22.6381,80.0353,2.24E+14,2.23817E+14
W81a8c0795f,Madhya pradesh,Seoni,Lakhnadon1,22.5986,79.6125,2.24E+14,2.23555E+14
W91b1ac404b,Madhya pradesh,Seoni,Masurbhanwari,22.6375,80.1439,2.24E+14,2.23815E+14
Wc1e67cf8c2,Madhya pradesh,Seoni,Mehta,22.6306,79.8661,2.24E+14,2.2375E+14
W94cfbcf7d7,Madhya pradesh,Seoni,Pandiachhappara,22.1264,80.0022,2.21E+14,2.20735E+14
W783d69b641,Madhya pradesh,Seoni,Pipardahi,22.0506,79.4125,2.20E+14,2.20302E+14
W66455094c6,Madhya pradesh,Seoni,Piparia1,21.7828,79.4878,2.15E+14,2.14658E+14
W21b93f78e2,Madhya pradesh,Seoni,Rahiwara,22.2203,79.5356,2.21E+14,2.21313E+14
W25b675c3cd,Madhya pradesh,Seoni,Ugli,22.2575,80.0631,2.22E+14,2.21527E+14
W3c3a7d3d0b,Madhya pradesh,Shahdol,Amjhor,23.6667,81.5458,2.34E+14,2.34E+14
W415ef8c5d1,Madhya pradesh,Shahdol,Bahgarh,23.3547,81.6667,2.32E+14,2.32117E+14
W2ef983a20e,Madhya pradesh,Shahdol,Bhikhampur,23.4408,81.6728,2.33E+14,2.32627E+14
We7d3a9c7ff,Madhya pradesh,Shahdol,Burhar,23.225,81.5244,2.31E+14,2.3133E+14
W5cd3c058d9,Madhya pradesh,Shahdol,Gohparu,23.4908,81.4094,2.33E+14,2.32927E+14
Wd5ab728dd2,Madhya pradesh,Shahdol,Kanadi (khurd),23.7561,81.3611,2.35E+14,2.34522E+14
W67180fc784,Madhya pradesh,Shahdol,Karki,23.8083,81.3881,2.35E+14,2.3483E+14
We7e91c1eed,Madhya pradesh,Shahdol,Sanousi,23.9486,81.4583,2.36E+14,2.35655E+14
Wfcec63016c,Madhya pradesh,Shahdol,Sidi,23.6917,81.6653,2.34E+14,2.3413E+14
W74e46e5088,Madhya pradesh,Shahdol,Singhpur1,23.2103,81.4181,2.31E+14,2.31237E+14
W52c70b0f60,Madhya pradesh,Shahdol,Tihki,23.9283,81.3667,2.36E+14,2.35542E+14
W83f91005ca,Madhya pradesh,Shajapur,Arandia,23.2078,76.7394,2.31E+14,2.31228E+14
We5880ab728,Madhya pradesh,Shajapur,Kalapipal,23.3342,76.8333,2.32E+14,2.32003E+14
We8a186d3d1,Madhya pradesh,Shajapur,Salsalai,23.4644,76.5381,2.33E+14,2.32752E+14
W8f2ba738e2,Madhya pradesh,Shajapur,Shajapur,23.4211,76.2764,2.33E+14,2.32516E+14
W8cf14c63c1,Madhya pradesh,Shajapur,Shujalpur,23.4056,76.7094,2.32E+14,2.3242E+14
W2e9d82d28c,Madhya pradesh,Shajapur,Tilawad govind,23.3103,76.3333,2.32E+14,2.31837E+14
Wcce3f7b091,Madhya pradesh,Sheopur,Goras,25.5344,76.945,2.53E+14,2.53204E+14
Wbc01d3d68e,Madhya pradesh,Sheopur,Kunorh,25.5286,77.1992,2.53E+14,2.53143E+14
Wf9b3e4a409,Madhya pradesh,Sheopur,Nonpura,25.5222,77.1314,2.53E+14,2.5312E+14
W45024f60fb,Madhya pradesh,Sheopur,Pura,25.9533,76.9914,2.56E+14,2.55712E+14
W075f3a1b6e,Madhya pradesh,Sheopur,Sheopur(deep),25.6714,76.7119,2.54E+14,2.54017E+14
W07d047546c,Madhya pradesh,Sheopur,Vijaypurcolony,26.0567,77.3644,2.60E+14,2.60324E+14
W9ee427927e,Madhya pradesh,Shivpuri,Awas,25.4725,78.3511,2.53E+14,2.52821E+14
W2e14c84699,Madhya pradesh,Shivpuri,Badarwas(shallow),24.9753,77.5694,2.46E+14,2.45831E+14
W65dc344935,Madhya pradesh,Shivpuri,Bhagora,25.4181,77.7603,2.53E+14,2.52505E+14
W373b1fc3d8,Madhya pradesh,Shivpuri,Dhamora(shallow),25.5906,77.3875,2.54E+14,2.53526E+14
W0d36113bd2,Madhya pradesh,Shivpuri,Karera(shallow),25.4714,78.1236,2.53E+14,2.52817E+14
W0872a4d69d,Madhya pradesh,Shivpuri,Karera,25.4539,78.1364,2.53E+14,2.52714E+14
W30d7dc686e,Madhya pradesh,Shivpuri,Mangroni,25.6961,77.9325,2.54E+14,2.54146E+14
W373dcb9fa1,Madhya pradesh,Shivpuri,Masoori,25.1003,77.9303,2.51E+14,2.50601E+14
W3f38d05bc3,Madhya pradesh,Shivpuri,Pichhore,25.1792,78.1908,2.51E+14,2.51045E+14
W0a144de98d,Madhya pradesh,Shivpuri,Pohari,25.5414,77.365,2.53E+14,2.53229E+14
Wb404837c88,Madhya pradesh,Shivpuri,Sarsod,25.4225,78.0511,2.53E+14,2.52521E+14
Wb5fdf7a782,Madhya pradesh,Shivpuri,Satanwara,25.5444,77.7311,2.53E+14,2.5324E+14
W7ac8aaf33e,Madhya pradesh,Shivpuri,Semri,25.1822,78.1119,2.51E+14,2.51056E+14
Wdce8c7ba1d,Madhya pradesh,Shivpuri,Sirsod,25.4856,77.5097,2.53E+14,2.52908E+14
W16cb8247ba,Madhya pradesh,Sidhi,Amiliya(s),24.5472,82.1308,2.43E+14,2.4325E+14
W5c92623a09,Madhya pradesh,Sidhi,Baghwar,24.3311,81.3792,2.42E+14,2.41952E+14
Wbf3cf912f7,Madhya pradesh,Sidhi,Bahari,24.4467,82.1708,2.43E+14,2.42648E+14
W60520f6eee,Madhya pradesh,Sidhi,Barambaba,24.275,81.9019,2.42E+14,2.4163E+14
Wf5ca67858b,Madhya pradesh,Sidhi,Chouphal,24.2886,81.7875,2.42E+14,2.41719E+14
W56c9c2707b,Madhya pradesh,Sidhi,Chourhat,24.425,81.6733,2.43E+14,2.4253E+14
W9d96a98179,Madhya pradesh,Sidhi,Jogikothar,24.4194,82.0375,2.43E+14,2.4251E+14
Wc477a2fb52,Madhya pradesh,Sidhi,Jogipahari,24.1156,81.75,2.41E+14,2.40656E+14
Wedee5d3407,Madhya pradesh,Sidhi,Majhgawan,24.1014,81.8192,2.41E+14,2.40605E+14
Wbafc326141,Madhya pradesh,Sidhi,Sidhi(s),24.4153,81.8875,2.42E+14,2.42455E+14
W2d56ba8f1d,Madhya pradesh,Sidhi,Sidhi,24.4028,81.8875,2.42E+14,2.4241E+14
W1b05242cb7,Madhya pradesh,Sidhi,Sihawal,24.5617,82.2392,2.43E+14,2.43342E+14
W98e4c6c193,Madhya pradesh,Sidhi,Tamsar,24.045,81.9222,2.40E+14,2.40242E+14
W80f8c89102,Madhya pradesh,Sidhi,Tikri,24.1619,81.8625,2.41E+14,2.40943E+14
Wde759bdf46,Madhya pradesh,Singrauli,Baragawan(s),24.1964,82.4558,2.41E+14,2.41147E+14
W53b2a5ef46,Madhya pradesh,Singrauli,Bharra,24.3833,82.2597,2.42E+14,2.423E+14
W11ecd33db7,Madhya pradesh,Singrauli,Mara,23.8972,82.5028,2.35E+14,2.3535E+14
W75428d6b85,Madhya pradesh,Tikamgarh,Baldeogarh,24.7561,79.05,2.45E+14,2.44522E+14
W67933be50a,Madhya pradesh,Tikamgarh,Bela,25.0775,79.3333,2.50E+14,2.50439E+14
W3f38dc061a,Madhya pradesh,Tikamgarh,Birorakhet,25.115,78.7917,2.51E+14,2.50654E+14
W66db86c166,Madhya pradesh,Tikamgarh,Majna,24.8364,78.9972,2.45E+14,2.45011E+14
W609de2efb3,Madhya pradesh,Tikamgarh,Nengawan,25.2547,78.6733,2.52E+14,2.51517E+14
W9d596dbba3,Madhya pradesh,Tikamgarh,Palera,25.0236,79.2375,2.50E+14,2.50125E+14
W992dae30ae,Madhya pradesh,Tikamgarh,Tikamgarh,24.7439,78.8381,2.44E+14,2.44438E+14
W91f4a5986b,Madhya pradesh,Ujjain,Bachhukhera,23.3106,75.7922,2.32E+14,2.31838E+14
Waf941bb407,Madhya pradesh,Ujjain,Delchi buzurg,23.5325,75.5708,2.33E+14,2.33157E+14
Wd093a52ad7,Madhya pradesh,Ujjain,Khera khajuria,23.4617,75.7961,2.33E+14,2.32742E+14
W592e9be809,Madhya pradesh,Ujjain,Mahidpurroad,23.5667,75.5083,2.33E+14,2.334E+14
W8a6e246fa5,Madhya pradesh,Ujjain,Makdon,23.5022,76.0722,2.33E+14,2.33008E+14
Wc05e4467de,Madhya pradesh,Ujjain,Patpala,23.1972,75.8667,2.31E+14,2.3115E+14
W92ebd563f9,Madhya pradesh,Umaria,Amiliya,23.3219,81.2978,2.32E+14,2.31919E+14
Wbe62fd7c65,Madhya pradesh,Umaria,Nowrozabad,23.3928,80.9828,2.32E+14,2.32334E+14
Wcb64ce6696,Madhya pradesh,Umaria,Parasi,23.6644,80.9436,2.34E+14,2.33952E+14
W34c425df28,Madhya pradesh,Umaria,Tala,23.7214,81.0208,2.34E+14,2.34317E+14
W1a6c20adaa,Madhya pradesh,Umaria,Umaria,23.525,80.8394,2.33E+14,2.3313E+14
W31826fd3bb,Madhya pradesh,Vidisha,Bilari,23.5783,77.6981,2.33E+14,2.33442E+14
W1237938f88,Madhya pradesh,Vidisha,Ganjbasoda1,23.8631,77.9244,2.35E+14,2.35147E+14
W9298cb27f2,Madhya pradesh,Vidisha,Ghatera,23.8067,78.1236,2.35E+14,2.34824E+14
Waa18b2f4c1,Madhya pradesh,Vidisha,Gyaraspur1,23.6667,78.1144,2.34E+14,2.34E+14
W52c04f1371,Madhya pradesh,Vidisha,Imaliya,23.5756,77.7806,2.33E+14,2.33432E+14
W80d486b018,Madhya pradesh,Vidisha,Kurwai1,24.125,78.0433,2.41E+14,2.4073E+14
W5ff05484ef,Madhya pradesh,Vidisha,Patharia,24.1147,77.8192,2.41E+14,2.40653E+14
W221a4f7f9d,Madhya pradesh,Vidisha,Sironj1,24.0986,77.6886,2.41E+14,2.40555E+14
W2775a331cf,Madhya pradesh,Vidisha,Tinsiyai,23.7717,77.6092,2.35E+14,2.34618E+14
We274be035f,Madhya pradesh,Vidisha,Udaipur,23.9008,78.055,2.35E+14,2.35403E+14
W35cb081bca,Madhya pradesh,Vidisha,Vidisha,23.5256,77.8236,2.33E+14,2.33132E+14
Wd3c14b8b1f,Madhya pradesh,West nimar,Amba,22.0428,75.9458,2.20E+14,2.20234E+14
W64aaff34a6,Madhya pradesh,West nimar,Baddiya,22.2339,75.9483,2.21E+14,2.21402E+14
Wdddda13851,Madhya pradesh,West nimar,Barwah,22.2539,76.035,2.22E+14,2.21514E+14
W6d83527221,Madhya pradesh,West nimar,Bhikangaon1,21.8619,75.9558,2.15E+14,2.15143E+14
Wc7d4b15407,Madhya pradesh,West nimar,Dhulkot,21.6097,75.5528,2.14E+14,2.13635E+14
Wffe6800120,Madhya pradesh,West nimar,Khargone,21.8278,75.6194,2.15E+14,2.1494E+14
We02bd18595,Madhya pradesh,West nimar,Maheshwar,22.1778,75.5875,2.21E+14,2.2104E+14
Wc00b82abc2,Madhya pradesh,West nimar,Piplyabuzrug,22.2339,75.8614,2.21E+14,2.21402E+14
W1b28f991c4,Madhya pradesh,West nimar,Sawda,22.0306,75.6289,2.20E+14,2.2015E+14
W36dbf1703e,Madhya pradesh,West nimar,Un,21.8214,75.4506,2.15E+14,2.14917E+14
W9519415162,Himachal pradesh,Kangra,Bharoli,31.7958,76.3333,3.15E+14,3.14745E+14
Wb24fedddb0,Himachal pradesh,Kangra,Bod,32.2875,75.8708,3.22E+14,3.21715E+14
W69365a2244,Himachal pradesh,Kangra,Dehra gopipur,31.8833,76.2167,3.15E+14,3.153E+14
W3cdc60078d,Himachal pradesh,Kangra,Dehrian,31.9292,76.2833,3.16E+14,3.15545E+14
Wef144b3e2f,Himachal pradesh,Kangra,Jwalaji,31.8792,76.3167,3.15E+14,3.15245E+14
Wafe5123a7c,Himachal pradesh,Kangra,Kangra,32.1083,76.2722,3.21E+14,3.2063E+14
Wdadc27ce0a,Himachal pradesh,Kangra,Manjgram,32.2292,76.1708,3.21E+14,3.21345E+14
W7d8d73590b,Himachal pradesh,Kangra,Mao,32.2681,76.0167,3.22E+14,3.21605E+14
W6b9a0e9877,Himachal pradesh,Kangra,Panjpir,32.2792,75.7875,3.22E+14,3.21645E+14
Wd2372a976e,Himachal pradesh,Kangra,Paprola,32.0542,76.6236,3.20E+14,3.20315E+14
W4af179b51b,Himachal pradesh,Kangra,Rait,32.1,76.5458,3.21E+14,3.206E+14
W3c3084fc43,Himachal pradesh,Kangra,Raja-ka-talab,32.2083,75.9222,3.21E+14,3.2123E+14
W561d0e36b4,Himachal pradesh,Kangra,Takipur,32.0333,76.25,3.20E+14,3.202E+14
W2913fd59aa,Himachal pradesh,Kullu,Gadauri,31.9083,77.1292,3.15E+14,3.1543E+14
Wa639e7dac7,Himachal pradesh,Kullu,Kullu,31.9639,77.1167,3.16E+14,3.1575E+14
W2b74e16a12,Himachal pradesh,Mandi,Bahangrotu,31.6083,76.9208,3.14E+14,3.1363E+14
Wcf4e9b0038,Himachal pradesh,Mandi,Gagal,31.6292,76.9625,3.14E+14,3.13745E+14
W65b21f491f,Himachal pradesh,Mandi,Jarl,31.5583,76.8958,3.13E+14,3.1333E+14
W721c01b4cd,Himachal pradesh,Mandi,Kaned,31.5792,76.9125,3.13E+14,3.13445E+14
Wed31091ab6,Himachal pradesh,Mandi,Lohara,31.5917,76.95,3.14E+14,3.1353E+14
W2606003d4f,Himachal pradesh,Mandi,Ratti,31.6,76.9,3.14E+14,3.136E+14
Waa70157204,Himachal pradesh,Sirmaur,Badripur,30.4403,77.6236,3.03E+14,3.02625E+14
W03ff6ff6e2,Himachal pradesh,Sirmaur,Kala-amb,30.4958,77.2167,3.03E+14,3.02945E+14
W1b569d36d6,Himachal pradesh,Sirmaur,Khodawala,30.4875,77.7306,3.03E+14,3.02915E+14
Wec4cbab272,Himachal pradesh,Sirmaur,Kiyarda,30.475,77.55,3.03E+14,3.0283E+14
W789025a731,Himachal pradesh,Sirmaur,Kolar,30.5069,77.4219,3.03E+14,3.03025E+14
W33039befc0,Himachal pradesh,Sirmaur,Nayagaon,30.4875,77.5208,3.03E+14,3.02915E+14
W3155be1eeb,Himachal pradesh,Sirmaur,Shambuwala,30.525,77.3208,3.03E+14,3.0313E+14
W4dcd6257c3,Himachal pradesh,Sirmaur,Shibpur,30.475,77.6708,3.03E+14,3.0283E+14
W461c66c939,Himachal pradesh,Sirmaur,Trilokpur,30.5417,77.2083,3.03E+14,3.0323E+14
We4ec6c4623,Himachal pradesh,Solan,Bhagheri,31.1597,76.6222,3.11E+14,3.10935E+14
Wdc15813d8e,Himachal pradesh,Solan,Dhabota,31.0878,76.6347,3.11E+14,3.10516E+14
W70ad7ce6e8,Himachal pradesh,Solan,Jagatpur,31.1611,76.6806,3.11E+14,3.1094E+14
W16354acc28,Himachal pradesh,Una,Daulatpur,31.7792,75.9958,3.15E+14,3.14645E+14
W6152a7555d,Himachal pradesh,Una,Gagret,31.6625,76.0625,3.14E+14,3.13945E+14
Wda5d341b9a,Himachal pradesh,Una,Ghaneri,31.7042,76.0042,3.14E+14,3.14215E+14
Wdb798727f4,Himachal pradesh,Una,Guglahar,31.5625,76.1292,3.13E+14,3.13345E+14
W974227b0e0,Himachal pradesh,Una,Ishapur,31.4958,76.175,3.13E+14,3.12945E+14
W968796cd4f,Himachal pradesh,Una,Lalehri,31.3708,76.2542,3.12E+14,3.12215E+14
W96e00e6712,Himachal pradesh,Una,Mubarikpur,31.7042,76.0708,3.14E+14,3.14215E+14
W2a24756870,Himachal pradesh,Una,Panoh,31.5375,76.2042,3.13E+14,3.13215E+14
Wfb4678ae3e,Himachal pradesh,Una,Una,31.4667,76.2625,3.13E+14,3.128E+14
Wc377e70f2d,Telangana,Adilabad,Asifabad,19.3667,79.2833,1.92E+14,1.922E+14
Wae0c6a7b5e,Telangana,Adilabad,Bhimavaram1,18.8361,79.6722,1.85E+14,1.8501E+14
Wbc060b5c54,Telangana,Adilabad,Hajipur,18.875,79.2917,1.85E+14,1.8523E+14
Wc2108bd284,Telangana,Adilabad,Jainath,19.7333,78.6458,1.94E+14,1.944E+14
W2681c4c0ce,Telangana,Adilabad,Jannaram,19.1347,79.0944,1.91E+14,1.90805E+14
W5b79802db1,Telangana,Adilabad,Mamada,19.0806,78.5111,1.90E+14,1.9045E+14
Wfe592cf7ca,Telangana,Adilabad,Neredikonda1,19.3333,78.4167,1.92E+14,1.92E+14
Waaa0e72d20,Telangana,Adilabad,Pembi,19.1978,78.6422,1.91E+14,1.91152E+14
W8230fbdcbf,Telangana,Adilabad,Potaram,19.0194,78.5833,1.90E+14,1.9011E+14
Wdcac3ff20b,Telangana,Adilabad,Rampuram,19.1458,79.6667,1.91E+14,1.90845E+14
Wfeb95eb350,Telangana,Adilabad,Tapalpur,19.0944,79.0472,1.91E+14,1.9054E+14
We139530c0c,Telangana,Adilabad,Utnoor,19.4167,78.7667,1.93E+14,1.925E+14
Wce8ca73679,Telangana,Karimnagar,Aruna konda-new,18.5458,79.1736,1.83E+14,1.83245E+14
Wc2a46f8492,Telangana,Karimnagar,Jagityal-new,18.7833,78.9,1.85E+14,1.847E+14
W1b20ef2ae4,Telangana,Karimnagar,Kalwacherla,18.6261,79.5667,1.84E+14,1.83734E+14
W0fbc461557,Telangana,Karimnagar,Kataram -pz 2,18.6333,79.95,1.84E+14,1.838E+14
Wde5156706d,Telangana,Karimnagar,Mohanraopet1,18.8111,78.7833,1.85E+14,1.8484E+14
W0db15f9e49,Telangana,Karimnagar,Tadikal,18.2711,79.265,1.82E+14,1.81616E+14
W8e328e7234,Telangana,Karimnagar,Venkatapur,18.6583,79.7542,1.84E+14,1.8393E+14
W4f0bba445a,Telangana,Khammam,Adira,18.125,80.725,1.81E+14,1.8073E+14
We4a0005dbf,Telangana,Khammam,Aspaka,17.3958,81.0833,1.72E+14,1.72345E+14
W6ebc475ecb,Telangana,Khammam,Enkur-pz,17.3342,80.4336,1.72E+14,1.72003E+14
W3e665b7304,Telangana,Khammam,Gandugulapalli-pz 2,17.3042,80.9208,1.72E+14,1.71815E+14
Wf19d00c2bc,Telangana,Khammam,Garla,17.4917,80.1458,1.73E+14,1.7293E+14
Wad317e294c,Telangana,Khammam,Nayakangudem1,17.2908,79.9239,1.72E+14,1.71727E+14
Wfa19c8c2fc,Telangana,Khammam,Tegad,18.0333,80.85,1.80E+14,1.802E+14
W4e6d73ddd6,Telangana,Khammam,Venkatapuram2,18.3,80.55,1.82E+14,1.818E+14
Wc55035998c,Telangana,Khammam,Vinayakapuram,17.3333,81.15,1.72E+14,1.72E+14
W3235609c0b,Telangana,Mahbubnagar,Alampur1,15.8889,78.15,1.55E+14,1.5532E+14
W7323c9792e,Telangana,Mahbubnagar,Bandrapal,16.0542,77.8,1.60E+14,1.60315E+14
Wfab2f2eafe,Telangana,Mahbubnagar,Kancharaopalli,16.2333,78.0042,1.61E+14,1.614E+14
Wf98af0a0d9,Telangana,Mahbubnagar,Pedda mulgera-pz 1,16.6586,78.0744,1.64E+14,1.63931E+14
W60bb051c68,Telangana,Medak,Kaudipally-pz,17.8958,78.2083,1.75E+14,1.75345E+14
Wedaebc8a70,Telangana,Medak,Kulcharam-pz,17.9556,78.1889,1.76E+14,1.7572E+14
W7bf8b92d4f,Telangana,Medak,Nacharam,17.9333,78.5833,1.76E+14,1.756E+14
Wc3cbf989db,Telangana,Medak,Raikod-pz,17.8583,77.775,1.75E+14,1.7513E+14
W6d42325fcf,Telangana,Medak,Ramayampet-pz,18.1167,78.4333,1.81E+14,1.807E+14
W0ea1f8072b,Telangana,Medak,Siddipet-pz,18.0944,78.8583,1.81E+14,1.8054E+14
Wa363aa3d4f,Telangana,Nalgonda,Arvepally-pz,17.3347,79.5083,1.72E+14,1.72005E+14
Wcd1e02d663,Telangana,Nalgonda,Chennamnenpalli,16.6417,79.0667,1.64E+14,1.6383E+14
Wbb0e3fe015,Telangana,Nalgonda,Devarakonda,16.6911,78.9189,1.64E+14,1.64128E+14
Wd6287196b4,Telangana,Nalgonda,G.palli(dindi) -pz,16.5403,78.7083,1.63E+14,1.63225E+14
W7619f9f7cc,Telangana,Nalgonda,Kanagal-pz,16.9467,79.2017,1.66E+14,1.65648E+14
W31d8c6a91a,Telangana,Nalgonda,Kodad-new,16.9972,79.9667,1.66E+14,1.6595E+14
We171bee2b0,Telangana,Nalgonda,M.turkapalli-pz,17.6569,78.7958,1.74E+14,1.73925E+14
Wdf80184ebe,Telangana,Nalgonda,Mothey-pz,17.1683,79.8067,1.71E+14,1.71006E+14
W147a900c33,Telangana,Nalgonda,Munagala,17.0458,79.8333,1.70E+14,1.70245E+14
Wc0925c9651,Telangana,Nalgonda,Munugodu-pz,17.075,79.0764,1.70E+14,1.7043E+14
W1c77c0fff6,Telangana,Nalgonda,Nidamanuru,16.825,79.3694,1.65E+14,1.6493E+14
Wa6bc8e4849,Telangana,Nalgonda,Pochampalli,17.3458,78.8083,1.72E+14,1.72045E+14
W1801925396,Telangana,Nalgonda,Suryapet-pz,17.1333,79.6236,1.71E+14,1.708E+14
W1f7be96fe7,Telangana,Nalgonda,Thungapadu,16.8333,79.5,1.65E+14,1.65E+14
Wb3fa9c5d79,Telangana,Nalgonda,Yadagirigutta-pz,17.5847,78.8625,1.74E+14,1.73505E+14
W523df58c5a,Telangana,Nizamabad,Armur-pz,18.7722,78.2569,1.85E+14,1.8462E+14
W49bc317b70,Telangana,Nizamabad,Balkonda1,18.8833,78.3333,1.85E+14,1.853E+14
W83c32175dc,Telangana,Nizamabad,Bichkonda-pz,18.3667,77.7333,1.82E+14,1.822E+14
W5545d7a3b0,Telangana,Nizamabad,Chinnakodapagal-pz,18.2667,77.7833,1.82E+14,1.816E+14
Wb3d0ae492c,Telangana,Nizamabad,Dharpalli-pz,18.575,78.3708,1.83E+14,1.8343E+14
Waf1a79611e,Telangana,Nizamabad,Dichpalli-pz,18.5833,78.2333,1.84E+14,1.835E+14
W13fa489dc7,Telangana,Nizamabad,Kamareddy-pz,18.3333,78.3333,1.82E+14,1.82E+14
We08048be60,Telangana,Nizamabad,Mustapur,18.2722,78.1278,1.82E+14,1.8162E+14
W6921fd8656,Telangana,Nizamabad,Takkadapally,18.3458,77.7125,1.82E+14,1.82045E+14
W3d755eb39a,Telangana,Ranga reddy,Antaram (c),17.3347,78.0847,1.72E+14,1.72005E+14
Wc74bf1c12f,Telangana,Ranga reddy,Bata singaram,17.3014,78.7208,1.72E+14,1.71805E+14
W2c38a32057,Telangana,Ranga reddy,Inoli,17.3356,77.5214,1.72E+14,1.72008E+14
W3359404e88,Telangana,Ranga reddy,Maheswaram1,17.0667,78.4306,1.70E+14,1.704E+14
We4b1b9948d,Telangana,Ranga reddy,Shamshabad1,17.2583,78.3986,1.72E+14,1.7153E+14
W6d312b1396,Telangana,Ranga reddy,Shankarapally,17.45,78.1417,1.73E+14,1.727E+14
Wa6711a870c,Telangana,Ranga reddy,Uppal,17.4042,78.5556,1.72E+14,1.72415E+14
Wf2a6cadf8b,Telangana,Ranga reddy,Vikarabad,17.35,77.9083,1.72E+14,1.721E+14
W24baf439df,Telangana,Warangal rural,Govindaraopet,18.1667,80.2083,1.81E+14,1.81E+14
W5c9c1aa642,Telangana,Warangal rural,Ingurti,17.6667,79.8167,1.74E+14,1.74E+14
W9e974c6de4,Telangana,Warangal rural,Jangalapalli,18.2056,79.9833,1.81E+14,1.8122E+14
W0723496ce1,Telangana,Warangal rural,Kamalapuram-new,18.2508,80.4958,1.82E+14,1.81503E+14
Wa02c8f9206,Telangana,Warangal rural,Kesamudram,17.7,79.9167,1.74E+14,1.742E+14
We45458e0d8,Telangana,Warangal rural,Mahabubabad,17.6036,80.0089,1.74E+14,1.73613E+14
W5494b1205d,Telangana,Warangal rural,Parakal,18.1853,79.8256,1.81E+14,1.81107E+14
W31127ee76d,Telangana,Warangal rural,Tadvai-new,18.2292,80.3125,1.81E+14,1.81345E+14
Wf64cc1f7da,Andhra pradesh,Anantapur,Dulhera,28.65,76.7833,2.84E+14,2.839E+14
W457ce369bc,Andhra pradesh,Anantapur,Sankol,28.675,76.8417,2.84E+14,2.8403E+14
W7a5e1d749f,Haryana,Ambala,Kakru,30.4083,76.7875,3.02E+14,3.0243E+14
W482077b185,Haryana,Ambala,Panjokhra,30.4083,76.8458,3.02E+14,3.0243E+14
W425d7e5d72,Haryana,Bhiwani,Badala,28.7569,76.2542,2.85E+14,2.84525E+14
W6bb86f2ba5,Haryana,Bhiwani,Bajina,28.7653,75.9831,2.85E+14,2.84555E+14
W6794eb1594,Haryana,Bhiwani,Bohal,28.9611,75.9214,2.86E+14,2.8574E+14
W3d5f9d95c5,Haryana,Bhiwani,Dhanana,28.9375,76.1681,2.86E+14,2.85615E+14
Wbdcfa7a03b,Haryana,Bhiwani,Isharwal,28.7667,75.7083,2.85E+14,2.846E+14
Wc8bccd0b95,Haryana,Bhiwani,Jhumpa,28.7667,75.5333,2.85E+14,2.846E+14
W66763aefbc,Haryana,Bhiwani,Lohani,28.7,76.0458,2.84E+14,2.842E+14
Wf600f8b6e8,Haryana,Bhiwani,Miran,28.8486,75.7417,2.85E+14,2.85055E+14
W35e4b97103,Haryana,Bhiwani,Siwani,28.8958,75.6042,2.85E+14,2.85345E+14
W7b0f4fb141,Haryana,Bhiwani,Sui,28.8569,76.0667,2.85E+14,2.85125E+14
W6a3bc6742c,Haryana,Fatehabad,Samain,29.6194,75.9375,2.94E+14,2.9371E+14
Wf82913eabc,Haryana,Hisar,Khotkalan,29.3875,76.175,2.92E+14,2.92315E+14
W3f67634621,Haryana,Jhajjar,Dubhaldhan,28.7,76.4944,2.84E+14,2.842E+14
Weec101271a,Haryana,Jind,Brahmanwas,29.1333,76.4083,2.91E+14,2.908E+14
Wf3a2cee930,Haryana,Jind,Chhabri,29.2667,76.4583,2.92E+14,2.916E+14
W6b9901f171,Haryana,Jind,Uchana,29.4667,76.1833,2.93E+14,2.928E+14
W4d02de18bd,Haryana,Kaithal,Mataur,29.6083,76.2583,2.94E+14,2.9363E+14
W053d66276d,Haryana,Kurukshetra,Ishaque s,30.0167,76.4917,3.00E+14,3.001E+14
W194589bfea,Haryana,Mahendragarh,Narnaul,28.05,76.1125,2.80E+14,2.803E+14
W7ad9504b5c,Haryana,Palwal,Palwal,28.15,77.325,2.81E+14,2.809E+14
Wa970a2577e,Haryana,Rewari,Karnawas,28.1292,76.6042,2.81E+14,2.80745E+14
W352c89bbe6,Haryana,Rohtak,Bhal anandpur,28.8806,76.5125,2.85E+14,2.8525E+14
W8a615a6226,Haryana,Rohtak,Hassangarh,28.8417,76.85,2.85E+14,2.8503E+14
W89eca29780,Haryana,Rohtak,Samargopalpur,28.9792,76.5167,2.86E+14,2.85845E+14
W90b4bd737e,Haryana,Sirsa,Chormar,29.7833,74.8417,2.95E+14,2.947E+14
Wc66e2f5bd3,Haryana,Sirsa,Jamal,29.3306,74.9806,2.92E+14,2.9195E+14
Wdb0200b2de,Haryana,Sirsa,Kaluwana,29.7125,74.6347,2.94E+14,2.94245E+14
W81e90f43f0,Haryana,Sirsa,Karamsana,29.3403,74.63,2.92E+14,2.92025E+14
W993b462579,Haryana,Sirsa,Panniwala mota,29.7847,74.9125,2.95E+14,2.94705E+14
W8934d9c1ba,Haryana,Sirsa,Sherpura,29.4542,75.2042,2.93E+14,2.92715E+14
Wad94b300eb,Haryana,Sonipat,Farmana,28.9847,76.8125,2.86E+14,2.85905E+14
W7245cb4616,Haryana,Sonipat,Pinana,29.0611,76.8333,2.90E+14,2.9034E+14
W95de3e6c0a,Haryana,Yamunanagar,Choli,30.2792,77.3417,3.02E+14,3.01645E+14
Wf1002912b4,Andhra pradesh,Anantapur,Muli1,20.6333,73.025,2.04E+14,2.038E+14
W502d17962e,Andhra pradesh,Anantapur,Tithal,20.6,72.9,2.04E+14,2.036E+14
W6f7a25ca0a,Gujarat,Ahmedabad,Barvala,22.15,71.8917,2.21E+14,2.209E+14
W0ed4183a4f,Gujarat,Ahmedabad,Dalod,23.3667,71.9667,2.32E+14,2.322E+14
Wa5f322725e,Gujarat,Ahmedabad,Endla,23.2722,72.0583,2.32E+14,2.3162E+14
W6230fecdff,Gujarat,Ahmedabad,Rajpada,22.3083,71.6917,2.22E+14,2.2183E+14
W0009aafbe6,Gujarat,Ahmedabad,Tagadi1,22.2958,71.9472,2.22E+14,2.21745E+14
Wcce0a5e023,Gujarat,Amreli,Amreli,21.6083,71.225,2.14E+14,2.1363E+14
W7098f60d23,Gujarat,Amreli,Babra_pz,21.8472,71.2958,2.15E+14,2.1505E+14
Wb4b8e70156,Gujarat,Amreli,Badhda,21.2658,71.3389,2.12E+14,2.11557E+14
W1041001289,Gujarat,Amreli,Bagasara,21.4792,70.9625,2.13E+14,2.12845E+14
Wd38aafaea2,Gujarat,Amreli,Bhuva,21.4328,71.3639,2.13E+14,2.12558E+14
Wb607e6bbd9,Gujarat,Amreli,Chalala,21.4167,71.1667,2.13E+14,2.125E+14
W95178c617a,Gujarat,Amreli,Chavand,21.8167,71.4125,2.15E+14,2.149E+14
W64de5bb0ca,Gujarat,Amreli,Dharangani,21.3333,71.2,2.12E+14,2.12E+14
Wc29457a34a,Gujarat,Amreli,Kerala,21.3972,71.2167,2.12E+14,2.1235E+14
W1fd5a47cdc,Gujarat,Amreli,Kunkavav,21.6625,70.9833,2.14E+14,2.13945E+14
W18ebf20eca,Gujarat,Amreli,Lathi,21.7208,71.3833,2.14E+14,2.14315E+14
Wf4dfd69711,Gujarat,Amreli,Punjapadar,21.525,71.3583,2.13E+14,2.1313E+14
Wf1d542b0d1,Gujarat,Amreli,Tajpur,21.725,71.4667,2.14E+14,2.1433E+14
W7825273890,Gujarat,Amreli,Untvad,21.9167,71.2167,2.16E+14,2.155E+14
Wf391f52c54,Gujarat,Amreli,Vaghania juna,21.5833,70.9667,2.14E+14,2.135E+14
W4de428539a,Gujarat,Amreli,Vankiya1,21.2333,71.25,2.11E+14,2.114E+14
W3ad7cb6bd2,Gujarat,Anand,Anklav2,22.3833,73.0083,2.22E+14,2.223E+14
W0540129e0b,Gujarat,Anand,Borsad i,22.4097,72.9014,2.22E+14,2.22435E+14
W70cd1074e6,Gujarat,Anand,Ghora,22.6917,73.0542,2.24E+14,2.2413E+14
W05cdea29a1,Gujarat,Banaskantha,Ganapipli,24.2972,72.9472,2.42E+14,2.4175E+14
W34a842fba6,Gujarat,Banaskantha,Iqbalgarh,24.3458,72.5375,2.42E+14,2.42045E+14
We7d0e9db03,Gujarat,Banaskantha,Khoda,24.6583,71.7667,2.44E+14,2.4393E+14
W425cef4ce5,Gujarat,Banaskantha,Meda,24.3972,72.2847,2.42E+14,2.4235E+14
W3d9d3455d0,Gujarat,Banaskantha,Palanpur_pz,24.1722,72.45,2.41E+14,2.4102E+14
W871c65b0a9,Gujarat,Banaskantha,Ratanpur2,24.175,72.7458,2.41E+14,2.4103E+14
W96d1d268a3,Gujarat,Banaskantha,Sodapur,24.4014,72.2958,2.42E+14,2.42405E+14
We7f11b6018,Gujarat,Bharuch,Arethi,21.6125,73.4353,2.14E+14,2.13645E+14
W66140bde1b,Gujarat,Bharuch,Bhensli,21.725,72.75,2.14E+14,2.1433E+14
Wee5f66e234,Gujarat,Bharuch,Dahegam,22.1847,72.5972,2.21E+14,2.21105E+14
W07bf219fdd,Gujarat,Bharuch,Ilav,21.45,72.8,2.13E+14,2.127E+14
W571e741484,Gujarat,Bharuch,Jetpur1,21.4917,72.7083,2.13E+14,2.1293E+14
W491c31cda0,Gujarat,Bharuch,Kaswa,21.6833,72.8167,2.14E+14,2.141E+14
Wba9c0aeca0,Gujarat,Bharuch,Kondh,21.5806,73.0681,2.13E+14,2.1345E+14
W5971714104,Gujarat,Bharuch,Mokhdi,21.5333,73.2875,2.13E+14,2.132E+14
Wa6858bad8e,Gujarat,Bharuch,Navetha,21.7078,72.8306,2.14E+14,2.14228E+14
W8eaa044157,Gujarat,Bharuch,Netrang1,21.6333,73.3667,2.14E+14,2.138E+14
W6c09c7ee09,Gujarat,Bharuch,Nirnavi,21.7917,72.6681,2.15E+14,2.1473E+14
W5216a43c4d,Gujarat,Bharuch,Roja tankaria,21.9167,72.7917,2.16E+14,2.155E+14
Wa80caa68ae,Gujarat,Bharuch,Sarod,22.1583,72.7583,2.21E+14,2.2093E+14
Wc81959d27a,Gujarat,Bharuch,Tankari,21.9917,72.675,2.16E+14,2.1593E+14
We37151ddbf,Gujarat,Bhavnagar,Gariyadhar,21.5431,71.5653,2.13E+14,2.13235E+14
Wab8c210593,Gujarat,Bhavnagar,Khijadiya,21.6375,71.7,2.14E+14,2.13815E+14
W58bf0f9f87,Gujarat,Bhavnagar,Longadi,21.2139,71.8833,2.11E+14,2.1125E+14
Waf17f6c27e,Gujarat,Bhavnagar,Motivadal,21.1972,71.55,2.11E+14,2.1115E+14
Wfd2dd47c77,Gujarat,Bhavnagar,Ningala,22.0181,71.7,2.20E+14,2.20105E+14
W5cb89d4dc4,Gujarat,Bhavnagar,Panvi1,22.075,71.8917,2.20E+14,2.2043E+14
Wf3e692e8c9,Gujarat,Bhavnagar,Sajnasar,21.425,71.9125,2.13E+14,2.1253E+14
W390dba527f,Gujarat,Bhavnagar,Sandhida,21.6875,71.7583,2.14E+14,2.14115E+14
W69b681c3a5,Gujarat,Bhavnagar,Talaja2,21.3667,72.0167,2.12E+14,2.122E+14
W87125b6727,Gujarat,Bhavnagar,Timbi2,21.8317,71.7661,2.15E+14,2.14954E+14
W34bcaa2560,Gujarat,Dang,Chikhli,20.6583,73.6875,2.04E+14,2.0393E+14
W3287e1ac25,Gujarat,Dang,Chinchnogaotha,20.8083,73.5528,2.05E+14,2.0483E+14
W7802d9e7b4,Gujarat,Dang,Chinchpada,20.6375,73.775,2.04E+14,2.03815E+14
W325509d63b,Gujarat,Dang,Dhumkal,20.6458,73.7917,2.04E+14,2.03845E+14
W7424b481a8,Gujarat,Dang,Ghubita,20.8,73.7375,2.05E+14,2.048E+14
W6f78f3c7c1,Gujarat,Dang,Jakana,20.6333,73.7458,2.04E+14,2.038E+14
Wc9a1163965,Gujarat,Dang,Kalibel,20.9208,73.5806,2.06E+14,2.05515E+14
W88cd0ec0f0,Gujarat,Dang,Mahal,20.9167,73.6792,2.06E+14,2.055E+14
W7c3f595dc2,Gujarat,Dang,Malegaon,20.6,73.7458,2.04E+14,2.036E+14
W908cf9e5e8,Gujarat,Dang,Nadak khadi,20.8042,73.6125,2.05E+14,2.04815E+14
W1202a5f09f,Gujarat,Dang,Nana pada,20.7,73.5833,2.04E+14,2.042E+14
Wc2b9b56484,Gujarat,Dang,Sodmal,20.8667,73.6167,2.05E+14,2.052E+14
W7ceb141c0b,Gujarat,Dang,Subir,20.9222,73.5806,2.06E+14,2.0552E+14
W002dcc6c18,Gujarat,Dang,Umberpada,20.6833,73.725,2.04E+14,2.041E+14
Wf05ea51edc,Gujarat,Dohad,Dadhela,22.8375,74.0667,2.25E+14,2.25015E+14
W751727958b,Gujarat,Dohad,Devgadh baria,22.7,73.9139,2.24E+14,2.242E+14
W3599690165,Gujarat,Dohad,Devgadh bariya,22.7,73.9167,2.24E+14,2.242E+14
Wa80cffa5ee,Gujarat,Dohad,Garbara,22.6806,74.3125,2.24E+14,2.2405E+14
Wac3e20885a,Gujarat,Dohad,Jhalod,23.0931,74.1472,2.31E+14,2.30535E+14
W6a723e92ae,Gujarat,Dohad,Jhalod1,23.0917,74.1333,2.31E+14,2.3053E+14
Wcdb2c2ffcf,Gujarat,Dohad,Kanjetha,22.5806,74.1139,2.23E+14,2.2345E+14
W5635c41b61,Gujarat,Dohad,Khandania,22.7042,73.8375,2.24E+14,2.24215E+14
Wc50cfade92,Gujarat,Dohad,Limkheda,22.8306,73.9861,2.25E+14,2.2495E+14
W120d93f163,Gujarat,Dohad,Panchwada,22.7292,74.3083,2.24E+14,2.24345E+14
Wa4333cc9ea,Gujarat,Dohad,Pipero,22.6472,74.0903,2.24E+14,2.2385E+14
Wc123623224,Gujarat,Dohad,Salaya1,22.8083,73.8917,2.25E+14,2.2483E+14
Wf4cca6e7d5,Gujarat,Dohad,Tokarba,22.6042,74.0375,2.24E+14,2.23615E+14
Wea625c7e7b,Gujarat,Dohad,Wadia,22.9,74.05,2.25E+14,2.254E+14
W506c5ddd82,Gujarat,Gandhinagar,Paliya,23.1792,72.8417,2.31E+14,2.31045E+14
W43230feeb7,Gujarat,Jamnagar,Balwa,21.9042,69.9583,2.15E+14,2.15415E+14
W4c797a6a0a,Gujarat,Jamnagar,Bedanpur,22.6833,70.3167,2.24E+14,2.241E+14
W303537ad18,Gujarat,Jamnagar,Bhatia,22.0917,69.3014,2.21E+14,2.2053E+14
W2ce5d6bce4,Gujarat,Jamnagar,Dudhai2,22.7917,70.5042,2.25E+14,2.2473E+14
Wbe28996486,Gujarat,Jamnagar,Dwarka,22.2458,68.9583,2.21E+14,2.21445E+14
W65d48bbfbc,Gujarat,Jamnagar,Gordhanpur,22.45,70.0014,2.23E+14,2.227E+14
W5758a4ca0a,Gujarat,Jamnagar,Jambuda,22.525,70.2042,2.23E+14,2.2313E+14
W9f30047d50,Gujarat,Jamnagar,Jamjodhpur,21.9056,70.0306,2.15E+14,2.1542E+14
W930109f1e6,Gujarat,Jamnagar,Jamnagar2,22.4583,70.0792,2.23E+14,2.2273E+14
W85012fe2c3,Gujarat,Jamnagar,Juvanpur,22.1708,69.3667,2.21E+14,2.21015E+14
Wda97acb5ec,Gujarat,Jamnagar,Kajuda,22.3333,69.7083,2.22E+14,2.22E+14
W787c577d77,Gujarat,Jamnagar,Kalyanpur2,22.0167,69.3917,2.20E+14,2.201E+14
Wd33269880e,Gujarat,Jamnagar,Khirsara,21.9792,69.6,2.16E+14,2.15845E+14
W3cd02c807e,Gujarat,Jamnagar,Kuvadia,22.2014,69.5833,2.21E+14,2.21205E+14
W8ad3e80e45,Gujarat,Jamnagar,Lalpur1,22.1917,69.9611,2.21E+14,2.2113E+14
Wa9f6c4ed08,Gujarat,Jamnagar,Mojap,22.3667,68.9833,2.22E+14,2.222E+14
W2bda77b922,Gujarat,Jamnagar,Mota kalawad,21.9083,69.8292,2.15E+14,2.1543E+14
W633b3694a3,Gujarat,Jamnagar,Moti matli,22.3167,70.2639,2.22E+14,2.219E+14
Waedbedcb9e,Gujarat,Jamnagar,Salaya,22.3056,69.6042,2.22E+14,2.2182E+14
W16f50f41e9,Gujarat,Jamnagar,Seth vadala,22.0333,70.125,2.20E+14,2.202E+14
W440f93dd2a,Gujarat,Jamnagar,Vad panchasara,22.2333,70.1167,2.21E+14,2.214E+14
W1e7299590f,Gujarat,Jamnagar,Vadtara,22.2083,69.5,2.21E+14,2.2123E+14
W8e0e7cdbf0,Gujarat,Jamnagar,Vijarkha,22.4167,70.1833,2.23E+14,2.225E+14
W0e63e946b4,Gujarat,Jamnagar,Vinjhalpur,22.15,69.6,2.21E+14,2.209E+14
W8720bcf9c7,Gujarat,Junagadh,Arena,21.0806,70.1764,2.10E+14,2.1045E+14
W82afbdf62d,Gujarat,Junagadh,Bamanwara,21.2208,70.0556,2.11E+14,2.11315E+14
W2f82fa9efb,Gujarat,Junagadh,Bilkha,21.4389,70.6,2.13E+14,2.1262E+14
W84ebed63f5,Gujarat,Junagadh,Budhecha,21.0958,70.2167,2.11E+14,2.10545E+14
W5c66d46e04,Gujarat,Junagadh,Galodar,21.1472,70.275,2.11E+14,2.1085E+14
W67bc9a6724,Gujarat,Junagadh,Govindpura2,20.9458,70.3958,2.06E+14,2.05645E+14
W20e8599480,Gujarat,Junagadh,Jamvala1,20.9833,70.7625,2.06E+14,2.059E+14
W772352f4b0,Gujarat,Junagadh,Junagadh1,21.5167,70.4583,2.13E+14,2.131E+14
W5370a024d9,Gujarat,Junagadh,Juthal,21.1667,70.2667,2.11E+14,2.11E+14
Wfeb0270b2d,Gujarat,Junagadh,Kanek,21.0306,70.2417,2.10E+14,2.1015E+14
W31e510dc42,Gujarat,Junagadh,Kewarda,21.2667,70.2083,2.12E+14,2.116E+14
W78f865c8ec,Gujarat,Junagadh,Khokharda,21.4208,70.3167,2.13E+14,2.12515E+14
W792e533769,Gujarat,Junagadh,Kukaswada,21.0542,70.2083,2.10E+14,2.10315E+14
W6f470563eb,Gujarat,Junagadh,Lohej,21.1667,70.0667,2.11E+14,2.11E+14
Wb32cb2f0d8,Gujarat,Junagadh,Manketara,21.15,70.1292,2.11E+14,2.109E+14
W27605f29cf,Gujarat,Junagadh,Mendarda1,21.325,70.4333,2.12E+14,2.1193E+14
W16106df0a1,Gujarat,Junagadh,Prempara,21.3,70.7,2.12E+14,2.118E+14
Wc741d2f602,Gujarat,Junagadh,Sepa,21.1167,70.2194,2.11E+14,2.107E+14
W64f7e144a5,Gujarat,Junagadh,Sil bandar,21.2236,70.0556,2.11E+14,2.11325E+14
W95342071ee,Gujarat,Junagadh,Sil,21.1856,70.0464,2.11E+14,2.11108E+14
W43f06b540b,Gujarat,Junagadh,Una2,20.825,71.0417,2.05E+14,2.0493E+14
W758cf0a495,Gujarat,Kachchh,Balasar,23.8444,70.6694,2.35E+14,2.3504E+14
Wbd8f319a70,Gujarat,Kachchh,Bhadreshwar,22.9,69.9,2.25E+14,2.254E+14
W59edbd13fc,Gujarat,Kachchh,Bhuj (circuit house),23.25,69.6667,2.32E+14,2.315E+14
Wa8652bdd22,Gujarat,Kachchh,Devisar,23.4028,69.3292,2.32E+14,2.3241E+14
W2bf6d79391,Gujarat,Kachchh,Dunai,23.05,69.5,2.30E+14,2.303E+14
W78edef6419,Gujarat,Kachchh,Gagodar,23.4167,70.8,2.33E+14,2.325E+14
W2e94ab6655,Gujarat,Kachchh,Kharoi,23.4542,70.35,2.33E+14,2.32715E+14
Wc938300979,Gujarat,Kachchh,Khavada,23.8389,69.7306,2.35E+14,2.3502E+14
W3e2d8ddb59,Gujarat,Kachchh,Khavda,23.8444,69.7319,2.35E+14,2.3504E+14
W972669ff09,Gujarat,Kachchh,Kotaya,23.0417,69.075,2.30E+14,2.3023E+14
W5e3bd7de81,Gujarat,Kachchh,Lilpur,23.5111,70.65,2.33E+14,2.3304E+14
W7de7aea969,Gujarat,Kachchh,Mata no madh,23.5333,68.95,2.33E+14,2.332E+14
W472445b720,Gujarat,Kachchh,Moti cher,23.7583,68.675,2.35E+14,2.3453E+14
Wdb6491d693,Gujarat,Kachchh,Naliya (bus s),23.2667,68.8333,2.32E+14,2.316E+14
W1de88897f6,Gujarat,Kachchh,Nirona,23.4653,69.525,2.33E+14,2.32755E+14
Wf465769941,Gujarat,Kachchh,Samkhiari,23.3,70.5083,2.32E+14,2.318E+14
W557d8c8637,Gujarat,Kachchh,Sukhpar,23.2083,69.6167,2.31E+14,2.3123E+14
Wdb921d97ec,Gujarat,Kachchh,Tera,23.2833,68.9472,2.32E+14,2.317E+14
Wf8d40d883f,Gujarat,Kachchh,Vinjhan1,23.1,69.025,2.31E+14,2.306E+14
W0a0b24f1f2,Gujarat,Kheda,Alina,22.8083,73.0583,2.25E+14,2.2483E+14
We7e819e354,Gujarat,Kheda,Dakor,22.7625,73.1694,2.25E+14,2.24545E+14
W90669c45c8,Gujarat,Kheda,Kalesar,22.7208,73.1917,2.24E+14,2.24315E+14
W795e437841,Gujarat,Kheda,Mahudha,22.7833,72.9417,2.25E+14,2.247E+14
W06cc6a8fb0,Gujarat,Kheda,Nes_pz,22.7083,73.2028,2.24E+14,2.2423E+14
Wfdcaabd648,Gujarat,Mahesana,Bhandupara,23.725,72.3833,2.34E+14,2.3433E+14
W8dec31acf9,Gujarat,Mahesana,Budasan,23.2875,72.375,2.32E+14,2.31715E+14
Wc7fe319f9f,Gujarat,Mahesana,Dharpura,23.5458,72.1125,2.33E+14,2.33245E+14
W78ce014fce,Gujarat,Mahesana,Dosaj,23.8417,72.45,2.35E+14,2.3503E+14
W9b4932be9a,Gujarat,Mahesana,Kheralu (deep),23.8978,72.6106,2.35E+14,2.35352E+14
W05a0d56320,Gujarat,Mahesana,Kheralu1,23.8875,72.6125,2.35E+14,2.35315E+14
W6a699026eb,Gujarat,Mahesana,Maguna,23.5778,72.2889,2.33E+14,2.3344E+14
Wfca432e715,Gujarat,Mahesana,Panchot,23.6292,72.3417,2.34E+14,2.33745E+14
W9fd70743a0,Gujarat,Mahesana,Rampura1,23.8917,72.5167,2.35E+14,2.3533E+14
W654f8ea11f,Gujarat,Mahesana,Sihi,23.8,72.35,2.35E+14,2.348E+14
W71b78aa7f4,Gujarat,Mahesana,Tarabh,23.7583,72.4583,2.35E+14,2.3453E+14
W14f46e0708,Gujarat,Mahesana,Unawa,23.7667,72.3625,2.35E+14,2.346E+14
W6d30477ba8,Gujarat,Narmada,Chikada,21.5208,73.6458,2.13E+14,2.13115E+14
Wc259494b76,Gujarat,Narmada,Garudeshwar,21.8917,73.65,2.15E+14,2.1533E+14
Wabc1ce0243,Gujarat,Narmada,Khota amba,21.7333,73.475,2.14E+14,2.144E+14
W6d732ebe1f,Gujarat,Narmada,Nani singlot,21.6694,73.6667,2.14E+14,2.1401E+14
W0638db965a,Gujarat,Narmada,Ringani,21.8417,73.4667,2.15E+14,2.1503E+14
Wd207eb82eb,Gujarat,Navsari,Abrama,20.8625,72.9,2.05E+14,2.05145E+14
W0eb504cf31,Gujarat,Navsari,Chinam,20.9917,72.8861,2.06E+14,2.0593E+14
W5de34b4cd4,Gujarat,Navsari,Dandi,20.8917,72.8083,2.05E+14,2.0533E+14
Wd2d61152f3,Gujarat,Navsari,Kaliyari,20.725,73.15,2.04E+14,2.0433E+14
Wa30e5f618e,Gujarat,Navsari,Kantasvel,20.7972,73.2917,2.05E+14,2.0475E+14
Weade73a01b,Gujarat,Navsari,Khergam,20.6333,73.0958,2.04E+14,2.038E+14
W066ecc7f0e,Gujarat,Panchmahals,Gadhar,23.15,73.775,2.31E+14,2.309E+14
W559dfc6b71,Gujarat,Panchmahals,Godhra2,22.7708,73.6333,2.25E+14,2.24615E+14
W0bf447221a,Gujarat,Panchmahals,Jambughoda,22.3694,73.725,2.22E+14,2.2221E+14
W5c399a3760,Gujarat,Panchmahals,Kothamba,23.0194,73.5194,2.30E+14,2.3011E+14
W9801040762,Gujarat,Panchmahals,Limbadia peti,23.2042,73.6,2.31E+14,2.31215E+14
W35f235b86b,Gujarat,Panchmahals,Lunawada,23.1292,73.6083,2.31E+14,2.30745E+14
W8342d633eb,Gujarat,Panchmahals,Malekpur1,23.2306,73.7361,2.31E+14,2.3135E+14
Wd7cef4e0d5,Gujarat,Panchmahals,Pavagadh,22.4875,73.5556,2.23E+14,2.22915E+14
Wa5ef5af311,Gujarat,Panchmahals,Ranipura,22.725,73.7583,2.24E+14,2.2433E+14
W71e9e6e042,Gujarat,Panchmahals,Santrampur1,23.1917,73.9083,2.31E+14,2.3113E+14
W1b4ad80882,Gujarat,Panchmahals,Shivrajpur,22.425,73.5917,2.23E+14,2.2253E+14
W4873c6030a,Gujarat,Panchmahals,Tuwa,22.8042,73.4708,2.25E+14,2.24815E+14
W8b3a2893ea,Gujarat,Panchmahals,Vejalpur,22.6958,73.5583,2.24E+14,2.24145E+14
W9225c2216a,Gujarat,Patan,Bhutia vasna i,23.9167,72.1,2.36E+14,2.355E+14
W68a4a114c5,Gujarat,Porbandar,Kandorna,21.6478,69.8833,2.14E+14,2.13852E+14
Wb5191c075c,Gujarat,Porbandar,Kuchhadi,21.6833,69.55,2.14E+14,2.141E+14
Wf90e3f58ad,Gujarat,Porbandar,Kutiyana1,21.6306,70.0167,2.14E+14,2.1375E+14
Wcef8bc9cbe,Gujarat,Porbandar,Navibandar,21.4458,69.7917,2.13E+14,2.12645E+14
Wc9b8a6af77,Gujarat,Porbandar,Oddar,21.5667,69.6806,2.13E+14,2.134E+14
W6d3c01e499,Gujarat,Porbandar,Pata,21.2972,69.9417,2.12E+14,2.1175E+14
W7a3079bd7b,Gujarat,Rajkot,Amar nagar,22.9333,70.8083,2.26E+14,2.256E+14
W29f7716529,Gujarat,Rajkot,Dadia,22.0917,70.7333,2.21E+14,2.2053E+14
W3d07dbc9fd,Gujarat,Rajkot,Halenda,22.0917,71.05,2.21E+14,2.2053E+14
W1c5dfb9c53,Gujarat,Rajkot,Khamta,22.475,70.55,2.23E+14,2.2283E+14
W0b555aa741,Gujarat,Rajkot,Lalavadar,22.1333,71.3042,2.21E+14,2.208E+14
W53455f34a3,Gujarat,Rajkot,Mota dhansura,22.9583,70.6167,2.26E+14,2.2573E+14
W71afecb45b,Gujarat,Rajkot,Motagundala,21.7347,70.5014,2.14E+14,2.14405E+14
W2e92e394ad,Gujarat,Rajkot,Movaiya,22.45,70.6083,2.23E+14,2.227E+14
W3875afa4e4,Gujarat,Rajkot,Nichi mandal,22.8583,70.95,2.25E+14,2.2513E+14
Wc410e497e3,Gujarat,Rajkot,Patanvav,21.6444,70.2611,2.14E+14,2.1384E+14
W0d9226f56e,Gujarat,Rajkot,Ribda,22.125,70.7667,2.21E+14,2.2073E+14
W0486f8ecdd,Gujarat,Rajkot,Sindhavadar,22.55,70.8917,2.23E+14,2.233E+14
Wf1590ad83b,Gujarat,Rajkot,Targhari,22.3833,70.6667,2.22E+14,2.223E+14
W4413a7d085,Gujarat,Rajkot,Umrali,21.9194,70.6042,2.16E+14,2.1551E+14
W019b2d537c,Gujarat,Rajkot,Vinchhia,22.2083,71.3792,2.21E+14,2.2123E+14
W69568253aa,Gujarat,Rajkot,Virpur1,21.85,70.6958,2.15E+14,2.151E+14
W60bb3d8361,Gujarat,Sabarkantha,Boral,23.125,73.2083,2.31E+14,2.3073E+14
W00cf3aa2d3,Gujarat,Sabarkantha,Choriwad,23.9,73.1194,2.35E+14,2.354E+14
Wc73d6845b6,Gujarat,Sabarkantha,Gadha,23.7083,72.9417,2.34E+14,2.3423E+14
W106d85cc3b,Gujarat,Sabarkantha,Harsol1,23.3778,73.0167,2.32E+14,2.3224E+14
W703412da19,Gujarat,Sabarkantha,Idar,23.8417,73.0375,2.35E+14,2.3503E+14
Wfb6df87c09,Gujarat,Sabarkantha,Matoda,24.1111,73.0083,2.41E+14,2.4064E+14
W6adec23409,Gujarat,Sabarkantha,Modasa,23.4625,73.3083,2.33E+14,2.32745E+14
W1a914a8790,Gujarat,Sabarkantha,Punasan,23.6694,73.1736,2.34E+14,2.3401E+14
W8cfad09c9e,Gujarat,Sabarkantha,Revas,23.8208,73.1167,2.35E+14,2.34915E+14
W0bd6d6b329,Gujarat,Sabarkantha,Sathamba,23.175,73.3375,2.31E+14,2.3103E+14
W226880e1ba,Gujarat,Sabarkantha,Shamlaji,23.6861,73.3667,2.34E+14,2.3411E+14
Wa71caf840c,Gujarat,Sabarkantha,Silwad,24.0083,73.1167,2.40E+14,2.4003E+14
Wbeb72c26d4,Gujarat,Surat,Allu,21.0625,73.1917,2.10E+14,2.10345E+14
W5f70e221e8,Gujarat,Surat,Bhurvel (ukai),21.225,73.5792,2.11E+14,2.1133E+14
W7d4ef76a39,Gujarat,Surat,Dungri,21.4083,73.1333,2.12E+14,2.1243E+14
Wacb29f8c27,Gujarat,Surat,Jhankhavav,21.45,73.3292,2.13E+14,2.127E+14
W418ebc1204,Gujarat,Surat,Jhankhvav,21.4667,72.9528,2.13E+14,2.128E+14
W5ffb2ff361,Gujarat,Surat,Kathor,21.2917,72.9292,2.12E+14,2.1173E+14
Wf37e48ff5b,Gujarat,Surat,Mahuva2,21.0208,73.1458,2.10E+14,2.10115E+14
W9b6cb10b18,Gujarat,Surat,Navi pardi,21.3222,72.9708,2.12E+14,2.1192E+14
W94e9227a91,Gujarat,Surat,Olpad2,21.3417,72.7583,2.12E+14,2.1203E+14
W007a25219d,Gujarat,Surat,Palsana,21.0778,72.9917,2.10E+14,2.1044E+14
W109de63df5,Gujarat,Surat,Puna,20.9236,73.2333,2.06E+14,2.05525E+14
Wdaf9984e63,Gujarat,Surat,Puna1,20.9292,73.2292,2.06E+14,2.05545E+14
W0a15d832b0,Gujarat,Surat,Sarbhon,21.0583,73.0917,2.10E+14,2.1033E+14
W27c62ec380,Gujarat,Surat,Sultanabad,21.0917,72.725,2.11E+14,2.1053E+14
W55a4cab33e,Gujarat,Surat,Ten-bardoli,21.1167,73.1,2.11E+14,2.107E+14
W5652cc9bed,Gujarat,Surat,Valod,21.05,73.2667,2.10E+14,2.103E+14
Wd0aad1454f,Gujarat,Surat,Vyara1,21.1083,73.3958,2.11E+14,2.1063E+14
W4827a7860e,Gujarat,Surendranagar,Jhinjhuwada,23.35,71.6583,2.32E+14,2.321E+14
W31791bda68,Gujarat,Surendranagar,Lakhtar,22.8583,71.7833,2.25E+14,2.2513E+14
W963b412b0b,Gujarat,Surendranagar,Muli,22.65,71.4667,2.24E+14,2.239E+14
Wcc18913c31,Gujarat,Surendranagar,Ratanpur1,22.8583,71.2708,2.25E+14,2.2513E+14
W4493e43daa,Gujarat,Surendranagar,Sayala,22.5333,71.4833,2.23E+14,2.232E+14
W8238f44e61,Gujarat,Surendranagar,Shiyani,22.6667,71.8292,2.24E+14,2.24E+14
We96c0bb465,Gujarat,Vadodara,Asala,22.3833,73.9333,2.22E+14,2.223E+14
W0913e4bf20,Gujarat,Vadodara,Chhota udepur,22.3083,74.0167,2.22E+14,2.2183E+14
W6838e12c80,Gujarat,Vadodara,Ghamodi,22.3667,74.075,2.22E+14,2.222E+14
W036dbcbfa7,Gujarat,Vadodara,Govindpura,22.2111,73.7414,2.21E+14,2.2124E+14
W0883b3606f,Gujarat,Vadodara,Jojh,22.4417,73.9625,2.23E+14,2.2263E+14
W2f203f0238,Gujarat,Vadodara,Kevadi,22.5167,73.9417,2.23E+14,2.231E+14
W2ed8b4b205,Gujarat,Vadodara,Moti chikhali,22.0111,74.0833,2.20E+14,2.2004E+14
Wda949d773e,Gujarat,Vadodara,Panwad,22.2,74.0417,2.21E+14,2.212E+14
W863c39cb3b,Gujarat,Vadodara,Patiyapura,22.275,73.4417,2.22E+14,2.2163E+14
W19323388cb,Gujarat,Vadodara,Pavi,22.3417,73.8333,2.22E+14,2.2203E+14
W17fa4ba23b,Gujarat,Vadodara,Pitha,22.2542,73.6417,2.22E+14,2.21515E+14
Weeddc2bfa4,Gujarat,Vadodara,Saidivasana,22.0583,74.0167,2.20E+14,2.2033E+14
Wceb5ae9a3e,Gujarat,Vadodara,Sengpur,22.0375,73.8875,2.20E+14,2.20215E+14
W37c3b997e9,Gujarat,Vadodara,Tundav,22.4833,73.2028,2.23E+14,2.229E+14
Wd3c01b84c1,Gujarat,Vadodara,Vejpur2,22.7472,73.3556,2.24E+14,2.2445E+14
W9481b7a541,Gujarat,Valsad,Awadha,20.5167,73.2875,2.03E+14,2.031E+14
W1299f6d00a,Gujarat,Valsad,Dahli (bhilad),20.2583,72.8833,2.02E+14,2.0153E+14
Wd5dfe75ae3,Gujarat,Valsad,Dharampur1,20.5364,73.1706,2.03E+14,2.03211E+14
W7de4d4001d,Gujarat,Valsad,Kanadu,20.325,72.8417,2.02E+14,2.0193E+14
We804efc3e1,Gujarat,Valsad,Kaparda,20.3417,73.2167,2.02E+14,2.0203E+14
W5721d71433,Gujarat,Valsad,Karwad,20.3625,72.975,2.02E+14,2.02145E+14
W9623152060,Gujarat,Valsad,Nanaponda,20.4139,73.1208,2.02E+14,2.0245E+14
Wb46d6ba469,Gujarat,Valsad,Tumb,20.2167,72.8417,2.01E+14,2.013E+14
W16854bddab,Gujarat,Valsad,Umargaon,20.1917,72.75,2.01E+14,2.0113E+14
W855edb3d8a,Karnataka,Bagalkote,Amingad,16.0542,75.9417,1.60E+14,1.60315E+14
W082d3e4942,Karnataka,Bagalkote,Malapur,16.3667,75.275,1.62E+14,1.622E+14
Wd5ee4e3f62,Karnataka,Bagalkote,Pattadakal,15.95,75.8,1.56E+14,1.557E+14
W16136ae285,Karnataka,Bagalkote,Tumba,16.0167,76.1917,1.60E+14,1.601E+14
W64ebe72485,Karnataka,Ballari,Emmiganur,15.4,76.7,1.52E+14,1.524E+14
Wd7d98d977a,Karnataka,Ballari,Magala,14.9833,75.8,1.46E+14,1.459E+14
W721d89cee7,Karnataka,Ballari,Mariyammanahalli1,15.1667,76.3667,1.51E+14,1.51E+14
Wd6af9fccc0,Karnataka,Ballari,Toranagal,15.1958,76.675,1.51E+14,1.51145E+14
W8dedc6a609,Karnataka,Ballari,Yeswanthanagar,15.0333,76.4833,1.50E+14,1.502E+14
Wdb0f56c357,Karnataka,Bangalore rural,Banavadi,13.1167,77.2583,1.31E+14,1.307E+14
W84e12d2ef5,Karnataka,Bangalore rural,Magadi2,12.9722,77.1903,1.26E+14,1.2582E+14
Waf40808279,Karnataka,Bangalore rural,Shivagange1,13.1889,77.2278,1.31E+14,1.3112E+14
W10155736c7,Karnataka,Bangalore rural,Vishwanathapura,13.275,77.65,1.32E+14,1.3163E+14
W5405641330,Karnataka,Bangalore urban,Bangalore ii,12.9225,77.5792,1.26E+14,1.25521E+14
W7703b0b90f,Karnataka,Bangalore urban,Bangalore-iv,12.9442,77.5583,1.26E+14,1.25639E+14
W3cd3fa4420,Karnataka,Bangalore urban,Hebbal2,13.0417,77.575,1.30E+14,1.3023E+14
Wa0c09ce1c3,Karnataka,Belgaum,Ainapur,16.6417,74.8833,1.64E+14,1.6383E+14
W4127f19bb0,Karnataka,Belgaum,Arabhavi,16.2167,74.8833,1.61E+14,1.613E+14
W8053257692,Karnataka,Belgaum,Athni,16.725,75.0667,1.64E+14,1.6433E+14
W091d56cd41,Karnataka,Belgaum,Badchi,16.7375,75.1458,1.64E+14,1.64415E+14
W5d4492a101,Karnataka,Belgaum,Belgaum1,15.8667,74.5,1.55E+14,1.552E+14
Wf4f9b4a58f,Karnataka,Belgaum,Bellad bagewadi,16.3,74.7208,1.62E+14,1.618E+14
Wed0a3b3ae7,Karnataka,Belgaum,Examba,16.5333,74.6042,1.63E+14,1.632E+14
W726afb9368,Karnataka,Belgaum,Galatga,16.4875,74.4708,1.63E+14,1.62915E+14
Wb936d309d3,Karnataka,Belgaum,Gotur,16.2333,74.5333,1.61E+14,1.614E+14
W834bc2316b,Karnataka,Belgaum,Halaga,15.7689,74.5583,1.55E+14,1.54608E+14
W99691143d9,Karnataka,Belgaum,Hallakki,15.9139,74.9167,1.55E+14,1.5545E+14
W5e674418be,Karnataka,Belgaum,Halyal1,16.6333,75.0083,1.64E+14,1.638E+14
Wff840d277d,Karnataka,Belgaum,Hukeri1,16.225,74.6056,1.61E+14,1.6133E+14
W01f0595828,Karnataka,Belgaum,Hulloli,16.2583,74.6583,1.62E+14,1.6153E+14
W31a8f67de7,Karnataka,Belgaum,Kabbur,16.3444,74.7278,1.62E+14,1.6204E+14
W3b621f514c,Karnataka,Belgaum,Khanapur1,15.6667,74.5,1.54E+14,1.54E+14
W892204468e,Karnataka,Belgaum,Khotanatti,16.7583,75.2333,1.65E+14,1.6453E+14
Wca7a090336,Karnataka,Belgaum,Kudichi,15.8667,74.5667,1.55E+14,1.552E+14
Wb5e092a20d,Karnataka,Belgaum,Mallabad1,16.9028,75.1194,1.65E+14,1.6541E+14
W5aeb1457d0,Karnataka,Belgaum,Mamadapur,16.0833,74.95,1.61E+14,1.605E+14
Wb52c5ae7f4,Karnataka,Belgaum,Nandagaon1,16.6806,75.125,1.64E+14,1.6405E+14
Wcbc433dfe7,Karnataka,Belgaum,Parthanhalli,16.15,75.0667,1.61E+14,1.609E+14
W46d36036e1,Karnataka,Belgaum,Piranwadi,15.775,74.4833,1.55E+14,1.5463E+14
W5fc64926f8,Karnataka,Belgaum,Radderhatti,16.6417,75.075,1.64E+14,1.6383E+14
W0423069f7b,Karnataka,Belgaum,Rayabag1,16.5,74.7667,1.63E+14,1.63E+14
Wad65d47275,Karnataka,Belgaum,Rupnal,16.475,74.6333,1.63E+14,1.6283E+14
W2d22a2ff42,Karnataka,Belgaum,Saundatti,15.7556,75.2514,1.55E+14,1.5452E+14
W9db6572fe2,Karnataka,Belgaum,Soundalga1,16.5167,74.5167,1.63E+14,1.631E+14
W85b3545930,Karnataka,Belgaum,Sutagatti1,15.875,74.7083,1.55E+14,1.5523E+14
Wa7d1e87f95,Karnataka,Belgaum,Uchagaon,15.7917,74.4681,1.55E+14,1.5473E+14
W4913b52684,Karnataka,Belgaum,Yebaratti,16.4333,74.7917,1.63E+14,1.626E+14
W4dc8092d3f,Karnataka,Belgaum,Yedrav,16.5167,74.7667,1.63E+14,1.631E+14
Wc4c46e99fc,Karnataka,Bijapur,Bardol,17.2778,75.7278,1.72E+14,1.7164E+14
W8d51627e3a,Karnataka,Bijapur,Chadchan,17.3111,75.6611,1.72E+14,1.7184E+14
W2636bed1ec,Karnataka,Bijapur,Deur tanda,16.7792,76.0958,1.65E+14,1.64645E+14
Wf0f3470a70,Karnataka,Bijapur,Devanagao,17.1333,76.3,1.71E+14,1.708E+14
Wd6ada592c7,Karnataka,Bijapur,Halsangi,17.3208,75.8347,1.72E+14,1.71915E+14
W3b46452b59,Karnataka,Bijapur,Hanchali,16.6833,76.2333,1.64E+14,1.641E+14
W54c4d71949,Karnataka,Bijapur,Honnutagi,16.8333,75.8333,1.65E+14,1.65E+14
W46f79d2bfb,Karnataka,Bijapur,Ingaleshwar,16.65,76.0167,1.64E+14,1.639E+14
Wf399304ee5,Karnataka,Bijapur,Kolhar,16.4361,75.6847,1.63E+14,1.6261E+14
W297a635548,Karnataka,Bijapur,Nebageri,16.2833,76.1125,1.62E+14,1.617E+14
Wffe98a5384,Karnataka,Bijapur,Newdhulikhed,17.3889,75.8444,1.72E+14,1.7232E+14
Wfc33e57320,Karnataka,Bijapur,Nidagundi,16.375,75.9,1.62E+14,1.6223E+14
We788535154,Karnataka,Bijapur,Pettepur,16.6333,76.2583,1.64E+14,1.638E+14
W4c2bf2bb47,Karnataka,Bijapur,Satalagaon,17.15,76.0833,1.71E+14,1.709E+14
W35e3725e81,Karnataka,Bijapur,Satihal,16.7,76.0667,1.64E+14,1.642E+14
Wa2b1c93c6c,Karnataka,Bijapur,Shivangi,16.8333,75.9833,1.65E+14,1.65E+14
Wcc81be1eca,Karnataka,Bijapur,Tangadgi,16.2153,76.0958,1.61E+14,1.61255E+14
W007469ed87,Karnataka,Bijapur,Vibhutihalli,17.1,76.1833,1.71E+14,1.706E+14
W6e8a02a646,Karnataka,Chamarajanagara,Devalapura,11.8417,76.8167,1.15E+14,1.1503E+14
W9e8e260c0e,Karnataka,Chamarajanagara,Kunthur,12.125,77.0356,1.21E+14,1.2073E+14
W397d26a9e1,Karnataka,Chitradurga,Arehalli,14.0333,76.1167,1.40E+14,1.402E+14
W96430a41f5,Karnataka,Chitradurga,Dummi,14.05,76.0833,1.40E+14,1.403E+14
Weea9338450,Karnataka,Chitradurga,Hartikote,14.05,76.55,1.40E+14,1.403E+14
Wd5e31286e4,Karnataka,Chitradurga,R.nulenur,14.025,76.125,1.40E+14,1.4013E+14
Wf6ce78ad40,Karnataka,Chitradurga,Siddavvanadurga,14.3583,76.3167,1.42E+14,1.4213E+14
Wdfbcb42a74,Karnataka,Dakshin kannada,Adyar,12.9806,74.8333,1.26E+14,1.2585E+14
Wbfdea2ce58,Karnataka,Dakshin kannada,Alandangadi,13.0417,75.2167,1.30E+14,1.3023E+14
W7d78d95f31,Karnataka,Dakshin kannada,Aranthodu,12.5208,75.475,1.23E+14,1.23115E+14
W851419949a,Karnataka,Dakshin kannada,Balpa,12.675,75.5333,1.24E+14,1.2403E+14
W6cd4eadeec,Karnataka,Dakshin kannada,Bantwal1,12.8833,75.0333,1.25E+14,1.253E+14
W21bf55e79a,Karnataka,Dakshin kannada,Bellare,12.6667,75.3944,1.24E+14,1.24E+14
W1213c9bfdb,Karnataka,Dakshin kannada,Belthangadi,12.9917,75.2917,1.26E+14,1.2593E+14
Wcfb0b98c1f,Karnataka,Dakshin kannada,Belthangadi1,13.0,75.2833,1.30E+14,1.3E+14
W8248ae46e2,Karnataka,Dakshin kannada,Haleangady,13.0417,74.7958,1.30E+14,1.3023E+14
W95e32d19d6,Karnataka,Dakshin kannada,Jalsur,12.5917,75.3458,1.24E+14,1.2353E+14
W7c53a01b56,Karnataka,Dakshin kannada,Kalladka,12.8417,75.0667,1.25E+14,1.2503E+14
Wd856986576,Karnataka,Dakshin kannada,Kudupadaru,12.7167,75.1111,1.24E+14,1.243E+14
W9e1f0316e4,Karnataka,Dakshin kannada,Mittur,12.8,75.1417,1.25E+14,1.248E+14
W9b8093c0ea,Karnataka,Dakshin kannada,Puttur1,12.7667,75.2,1.25E+14,1.246E+14
W5c8b80f44e,Karnataka,Dakshin kannada,Subramanya1,12.6667,75.6194,1.24E+14,1.24E+14
W08d2089121,Karnataka,Dakshin kannada,Talapady,12.7625,74.875,1.25E+14,1.24545E+14
W6fbab77adc,Karnataka,Dakshin kannada,Venur,13.0111,75.1444,1.30E+14,1.3004E+14
W4fe8b932bf,Karnataka,Davanagere,Daginakatte,14.2,75.7833,1.41E+14,1.412E+14
W0b68ffcb4d,Karnataka,Davanagere,Kanivebilachi,14.1792,75.8458,1.41E+14,1.41045E+14
Wb978e7c49d,Karnataka,Davanagere,Malebennur,14.4,75.7667,1.42E+14,1.424E+14
W6bbfe55f37,Karnataka,Davanagere,Santhebennur,14.1667,76.0,1.41E+14,1.41E+14
W3131fda032,Karnataka,Davanagere,Thyavanige,14.2458,75.8833,1.41E+14,1.41445E+14
W26b369a05c,Karnataka,Davanagere,Vasana,14.4083,75.6625,1.42E+14,1.4243E+14
Wce8313092d,Karnataka,Gadag,Belavaniki,15.6667,75.5667,1.54E+14,1.54E+14
We6ecc39666,Karnataka,Gadag,Chabbi,15.1625,75.5917,1.51E+14,1.50945E+14
W3a2ed859e6,Karnataka,Gadag,Hulkoti,15.4292,75.55,1.53E+14,1.52545E+14
W5b2160ce71,Karnataka,Gadag,Magdi,15.2083,75.5167,1.51E+14,1.5123E+14
Wbd0ab958e4,Karnataka,Gadag,Ramgeri,15.1394,75.4342,1.51E+14,1.50822E+14
W75caaa1550,Karnataka,Gadag,Shirhatti1,15.2292,75.575,1.51E+14,1.51345E+14
W327f5f650b,Karnataka,Kalaburagi,Afzalpur1,17.2,76.3583,1.71E+14,1.712E+14
W3be33e7c3c,Karnataka,Kalaburagi,Ainapur1,17.6083,77.225,1.74E+14,1.7363E+14
Wdb9b8ae314,Karnataka,Kalaburagi,Alur2,16.8861,76.6222,1.65E+14,1.6531E+14
Wc61abf6fff,Karnataka,Kalaburagi,Battarga,17.3833,76.5625,1.72E+14,1.723E+14
Wd94b62b18d,Karnataka,Kalaburagi,Chigerahalli,16.8861,76.7611,1.65E+14,1.6531E+14
W61759f77b4,Karnataka,Kalaburagi,Chincholi,17.4167,77.4208,1.73E+14,1.725E+14
Wb6f6e30478,Karnataka,Kalaburagi,Doranahalli,16.7417,76.85,1.64E+14,1.6443E+14
W5cd11e735d,Karnataka,Kalaburagi,Gurmitkal1,16.875,77.4,1.65E+14,1.6523E+14
Wa7d6443c20,Karnataka,Kalaburagi,Kakkeri,16.3667,76.5833,1.62E+14,1.622E+14
W30ae57ff05,Karnataka,Kalaburagi,Kallur,17.3833,77.4667,1.72E+14,1.723E+14
W5569c97a7a,Karnataka,Kalaburagi,Karahari,17.6083,76.7833,1.74E+14,1.7363E+14
W4aec2a6e92,Karnataka,Kalaburagi,Khanapur2,16.725,77.0167,1.64E+14,1.6433E+14
W0b6f80c2c9,Karnataka,Kalaburagi,Madarki,16.7833,76.7667,1.65E+14,1.647E+14
Wcc4cbaa51e,Karnataka,Kalaburagi,Margutti,17.6167,77.0667,1.74E+14,1.737E+14
Wf0ce16ea1c,Karnataka,Kalaburagi,Moghe,17.4833,77.2333,1.73E+14,1.729E+14
W9800e5ac48,Karnataka,Kalaburagi,Mudbal,16.8,76.7933,1.65E+14,1.648E+14
Wbd1e1c8d5e,Karnataka,Kalaburagi,Naikal,16.7333,77.05,1.64E+14,1.644E+14
Wbd99a3a66d,Karnataka,Kalaburagi,Nimbarga,17.3833,76.5792,1.72E+14,1.723E+14
W8d2294d5a2,Karnataka,Kalaburagi,Pathan,17.425,76.725,1.73E+14,1.7253E+14
Wd9c556d4f1,Karnataka,Kalaburagi,Revannur,16.9917,76.725,1.66E+14,1.6593E+14
Wb4b23cf2fc,Karnataka,Kalaburagi,Salgar,17.6333,76.7833,1.74E+14,1.738E+14
W443260d067,Karnataka,Kalaburagi,Sasargaon,17.4958,77.2167,1.73E+14,1.72945E+14
Wc449a0e5fc,Karnataka,Kalaburagi,Sona,16.9917,76.6333,1.66E+14,1.6593E+14
W986c6b3813,Karnataka,Kalaburagi,Ukinal,16.7583,76.6333,1.65E+14,1.6453E+14
W56cf608198,Karnataka,Kodagu,Ammatti,12.2417,75.8667,1.21E+14,1.2143E+14
W3d3054623a,Karnataka,Kodagu,Bhagamandala1,12.3833,75.5333,1.22E+14,1.223E+14
W540b0a7802,Karnataka,Kodagu,Cheyyandane,12.2278,75.6917,1.21E+14,1.2134E+14
W1424169ae6,Karnataka,Kodagu,Gonikoppal,12.2167,75.9417,1.21E+14,1.213E+14
Wa5d324ba6d,Karnataka,Kodagu,Heravanadu,12.3792,75.7083,1.22E+14,1.22245E+14
W7a3a9763ee,Karnataka,Kodagu,Hudikeri,12.0833,75.9458,1.21E+14,1.205E+14
W17f911b1a8,Karnataka,Kodagu,Igoor,12.5361,75.8456,1.23E+14,1.2321E+14
Wb1f08b1fee,Karnataka,Kodagu,Kodlipet,12.8,75.8833,1.25E+14,1.248E+14
Waea62e1067,Karnataka,Kodagu,Madalapura,12.5042,75.9417,1.23E+14,1.23015E+14
W68d8f10019,Karnataka,Kodagu,Nanjarajpatna,12.3736,75.8972,1.22E+14,1.22225E+14
W00f2b0f578,Karnataka,Kodagu,Napoklu,12.3042,75.6917,1.22E+14,1.21815E+14
Wf61aa30545,Karnataka,Kodagu,Shanivarasante,12.725,75.8958,1.24E+14,1.2433E+14
W43c7b6a96e,Karnataka,Kodagu,Somvarpet1,12.6,75.8333,1.24E+14,1.236E+14
W482722c283,Karnataka,Kodagu,Suntikoppa,12.4486,75.8236,1.23E+14,1.22655E+14
We6416af5c3,Karnataka,Kolar,Pura,13.5389,77.6056,1.33E+14,1.3322E+14
W9a5eff1b8d,Karnataka,Kolar,Thondebhavi,13.5833,77.5833,1.34E+14,1.335E+14
W4cbfa84baf,Karnataka,Koppal,Hosabandiharlapur,15.375,76.3708,1.52E+14,1.5223E+14
W6995a06bc1,Karnataka,Koppal,Hoshalli,15.3125,76.3167,1.52E+14,1.51845E+14
W13442c210e,Karnataka,Mandya,Arakere1,12.4167,76.8,1.23E+14,1.225E+14
Wf1d8588807,Karnataka,Mandya,Basaralu,12.7167,76.7833,1.24E+14,1.243E+14
W63912d558f,Karnataka,Mandya,Kawdley,12.7667,76.9333,1.25E+14,1.246E+14
W77162ca7da,Karnataka,Mandya,Koppa1,12.7167,76.9667,1.24E+14,1.243E+14
We1465d7ffe,Karnataka,Mandya,Maddur2,12.6,77.05,1.24E+14,1.236E+14
Wfe319d97af,Karnataka,Mandya,Mahadevapura1,12.4,76.7667,1.22E+14,1.224E+14
Wc7cebc6bde,Karnataka,Mandya,Mandya koppalu,12.3917,76.8,1.22E+14,1.2233E+14
W8fdf827129,Karnataka,Mandya,Nagamangala2,12.825,76.7583,1.25E+14,1.2493E+14
Wf0858517e2,Karnataka,Mandya,Naguvanahalli,12.3889,76.6833,1.22E+14,1.2232E+14
W63559600b2,Karnataka,Mandya,Nelligere,12.95,76.8,1.26E+14,1.257E+14
W6f1781728b,Karnataka,Mysore,Gowdagere,12.1917,76.375,1.21E+14,1.2113E+14
Wab0cb76098,Karnataka,Mysore,Hullahalli,12.095,76.6689,1.21E+14,1.20542E+14
W2ad4891449,Karnataka,Mysore,Saragur,12.1208,76.4667,1.21E+14,1.20715E+14
W990738c9ce,Karnataka,Mysore,Somanathapura,12.1333,76.9417,1.21E+14,1.208E+14
Wa25e2461c3,Karnataka,Raichur,Bagalwad,16.05,76.8917,1.60E+14,1.603E+14
W0426620d50,Karnataka,Raichur,Hirekotankal,15.9625,76.9528,1.56E+14,1.55745E+14
W7e1a238d8f,Karnataka,Raichur,Kakargal,16.35,77.0667,1.62E+14,1.621E+14
W3b80bbb26a,Karnataka,Raichur,Turvihal,15.7667,76.6,1.55E+14,1.546E+14
W92601ca9d6,Karnataka,Shivamogga,Anandapuram,14.0667,75.2167,1.40E+14,1.404E+14
W92943c2304,Karnataka,Shivamogga,Ayanur,14.0083,75.5583,1.40E+14,1.4003E+14
W1cc6649bb8,Karnataka,Shivamogga,Bhadravati1,13.8667,75.7333,1.35E+14,1.352E+14
W29a4b0403c,Karnataka,Shivamogga,Chandraguthi,14.4333,74.9583,1.43E+14,1.426E+14
W16499ab931,Karnataka,Shivamogga,Gajanur,13.85,75.55,1.35E+14,1.351E+14
W01b63e315d,Karnataka,Shivamogga,Guddekoppa,13.7708,75.2472,1.35E+14,1.34615E+14
Wab86d19b1b,Karnataka,Shivamogga,Hosanagara1,13.9,75.1,1.35E+14,1.354E+14
W4c2b1b7279,Karnataka,Shivamogga,Humacha,13.8583,75.2083,1.35E+14,1.3513E+14
W3aebd09a3f,Karnataka,Shivamogga,Kodur1,13.7833,75.125,1.35E+14,1.347E+14
W45770d8a4e,Karnataka,Shivamogga,Melinahanasavadi,13.9833,75.6889,1.36E+14,1.359E+14
Wec06b314e7,Karnataka,Shivamogga,Pillangere,13.9583,75.6417,1.36E+14,1.3573E+14
W4016c9fa5c,Karnataka,Shivamogga,Sagar,14.1667,75.0333,1.41E+14,1.41E+14
W39f660ff0f,Karnataka,Shivamogga,Sorab,14.3667,75.1,1.42E+14,1.422E+14
W9833e84416,Karnataka,Shivamogga,Talaguppa1,14.2167,74.9167,1.41E+14,1.413E+14
W95e5aecb8b,Karnataka,Shivamogga,Tevarachatnahalli,13.95,75.6167,1.36E+14,1.357E+14
W69ebf4c89b,Karnataka,Tumkur,Bidarakere1,13.8728,77.2272,1.35E+14,1.35222E+14
W5f81e35118,Karnataka,Tumkur,Madhugiri,13.6667,77.2,1.34E+14,1.34E+14
Wfdd0468fd0,Karnataka,Tumkur,Mattighatta,13.4667,76.4833,1.33E+14,1.328E+14
W5e1f6378c9,Karnataka,Tumkur,Mayasandra,13.0722,76.7583,1.30E+14,1.3042E+14
W069ff5adc9,Karnataka,Tumkur,Midigeshi,13.8292,77.2042,1.35E+14,1.34945E+14
W425847d7ff,Karnataka,Tumkur,Nagenahalli,13.475,77.2417,1.33E+14,1.3283E+14
W9d8a482e74,Karnataka,Tumkur,Nonavinakere,13.1583,76.5583,1.31E+14,1.3093E+14
W7a4c84e0b7,Karnataka,Tumkur,Palavalli,14.1583,77.2917,1.41E+14,1.4093E+14
W0050c3dc79,Karnataka,Tumkur,Siddagangamatha,13.325,77.15,1.32E+14,1.3193E+14
Wbd949bbaf3,Karnataka,Tumkur,Turuvekere,13.1611,76.6667,1.31E+14,1.3094E+14
W99f280e3d8,Karnataka,Udupi,Ardi,13.5181,74.9744,1.33E+14,1.33105E+14
W6ec2128f29,Karnataka,Udupi,Baindur 1,13.8047,74.6758,1.35E+14,1.34817E+14
Wf1550954fa,Karnataka,Udupi,Goliangadi,13.5403,74.9917,1.33E+14,1.33225E+14
W7e0010bfe9,Karnataka,Udupi,Kaup,13.225,74.75,1.31E+14,1.3133E+14
Wdde682f58f,Karnataka,Udupi,Kirimanjeshwar,13.7833,74.7167,1.35E+14,1.347E+14
Waf9a5b536a,Karnataka,Udupi,Kollur1,13.8667,74.8,1.35E+14,1.352E+14
Wd609a0a2e8,Karnataka,Udupi,Kota,13.2375,74.7469,1.31E+14,1.31415E+14
W19142acd43,Karnataka,Udupi,Malpe,13.35,74.7,1.32E+14,1.321E+14
Wf4ada0f100,Karnataka,Udupi,Shankarnarayana,13.6042,74.8625,1.34E+14,1.33615E+14
W9279745ee0,Karnataka,Udupi,Siddapura1,13.6667,74.9125,1.34E+14,1.34E+14
We22297ef85,Karnataka,Udupi,Udupi,13.3333,74.75,1.32E+14,1.32E+14
W83353d1150,Karnataka,Udupi,Vandse,13.7083,74.7625,1.34E+14,1.3423E+14
W9c5f1b278d,Karnataka,Uttara kannada,Ankola1,14.6667,74.3,1.44E+14,1.44E+14
W961244f491,Karnataka,Uttara kannada,Banavasi,14.5342,75.0189,1.43E+14,1.43203E+14
W708ef75d09,Karnataka,Uttara kannada,Bandal,14.5333,74.6667,1.43E+14,1.432E+14
W7d1fa3f206,Karnataka,Uttara kannada,Belekeri,14.725,74.2667,1.44E+14,1.4433E+14
W76339b78a6,Karnataka,Uttara kannada,Bilgi1,14.3625,74.7972,1.42E+14,1.42145E+14
W8a35794dda,Karnataka,Uttara kannada,Chandavar,14.4,74.4792,1.42E+14,1.424E+14
Wf5517cdc12,Karnataka,Uttara kannada,Dodmane,14.3625,74.7042,1.42E+14,1.42145E+14
W18220f83c4,Karnataka,Uttara kannada,Haldipur,14.3542,74.425,1.42E+14,1.42115E+14
Wd6748154e8,Karnataka,Uttara kannada,Kansur1,14.5167,74.8417,1.43E+14,1.431E+14
W7d7d67e295,Karnataka,Uttara kannada,Karwar1,14.8,74.1333,1.45E+14,1.448E+14
Waa970bc7c3,Karnataka,Uttara kannada,Kumta1,14.4,74.4,1.42E+14,1.424E+14
Wa1fd0c0314,Karnataka,Uttara kannada,Majali,14.9,74.15,1.45E+14,1.454E+14
We8de29ce48,Karnataka,Uttara kannada,Malgi,14.7708,75.0167,1.45E+14,1.44615E+14
Wcff013b1d6,Karnataka,Uttara kannada,Manki1,14.1,74.4917,1.41E+14,1.406E+14
W66a222d5a7,Karnataka,Uttara kannada,Murudeswar,14.0917,74.4917,1.41E+14,1.4053E+14
Wae0a6cb43a,Karnataka,Uttara kannada,Sadashivgad,14.8542,74.1297,1.45E+14,1.45115E+14
W987571f741,Karnataka,Uttara kannada,Siddapur2,14.35,74.9,1.42E+14,1.421E+14
Waa97639c2f,Karnataka,Uttara kannada,Yekkambi,14.6833,74.9333,1.44E+14,1.441E+14
W5c56f65455,Kerala,Kasaragod,Parappa north,12.5722,75.2764,1.23E+14,1.2342E+14
W9ca3efc39d,Delhi,New delhi,Safdarjung tomb,28.5903,77.2125,2.84E+14,2.83525E+14
W3087365ab0,Delhi,North west,Auchandi pz,28.8194,76.9972,2.85E+14,2.8491E+14
W7132f16252,Delhi,North west,Barwala pz,28.7583,77.0625,2.85E+14,2.8453E+14
Wc825cb4071,Delhi,North west,Isbt (kashmiri gate) dw,28.6722,77.2306,2.84E+14,2.8402E+14
W40d0da7d4b,Delhi,North west,Nizampur,28.7194,76.9667,2.84E+14,2.8431E+14
W112cc0a47b,Delhi,North west,Rani khera,28.7069,77.025,2.84E+14,2.84225E+14
Wce059f2bf9,Delhi,South,Bhatti-pz,28.4278,77.2083,2.83E+14,2.8254E+14
W00b1408b21,Delhi,South west,Daulatpur pz,28.5431,76.9653,2.83E+14,2.83235E+14
Wef7f60f0a8,Delhi,South west,Raota,28.5181,76.9042,2.83E+14,2.83105E+14
W05948c6498,Jharkhand,Bokaro,Gomia,23.7833,85.8333,2.35E+14,2.347E+14
Wb7eb781b2b,Jharkhand,Bokaro,Jaina more,23.7125,86.0875,2.34E+14,2.34245E+14
W901add7056,Jharkhand,Deoghar,Palajori,24.3,87.0039,2.42E+14,2.418E+14
W2a5ea343b7,Jharkhand,Dhanbad,Rajganj,23.8736,86.3375,2.35E+14,2.35225E+14
W33f6ae9324,Jharkhand,Dhanbad,Tundi,23.9833,86.4333,2.36E+14,2.359E+14
Wbc912a493e,Jharkhand,Dumka,Jama1,24.3472,87.1528,2.42E+14,2.4205E+14
Wde881a667e,Jharkhand,Dumka,Jamatara,23.9583,86.7986,2.36E+14,2.3573E+14
W7be0fcd94f,Jharkhand,Dumka,Jarmundi db.ib,24.3847,87.0708,2.42E+14,2.42305E+14
Wf979c0532d,Jharkhand,Dumka,Masalia,24.1583,87.1861,2.41E+14,2.4093E+14
W215dc5e881,Jharkhand,Giridih,Bagodar,24.0792,85.8319,2.40E+14,2.40445E+14
W5c81fb2392,Jharkhand,Giridih,Bengabad,24.2958,86.3556,2.42E+14,2.41745E+14
Wd928199ce3,Jharkhand,Giridih,Dumri,24.4769,86.1956,2.43E+14,2.42837E+14
Wa9d08d6536,Jharkhand,Giridih,Giridih,24.1667,86.3083,2.41E+14,2.41E+14
W55ca21a5dd,Jharkhand,Godda,Lalmatia,25.05,87.3667,2.50E+14,2.503E+14
W8596e2e9c4,Jharkhand,Gumla,Baisia,22.8861,84.8414,2.25E+14,2.2531E+14
W609aa02f73,Jharkhand,Gumla,Bharno bdo,23.2367,84.8875,2.31E+14,2.31412E+14
Wc3e32e7aa5,Jharkhand,Gumla,Kolebira,22.705,84.6836,2.24E+14,2.24218E+14
W9192441cf7,Jharkhand,Gumla,Nagfeni,23.3056,84.7064,2.32E+14,2.3182E+14
Wac3555b42c,Jharkhand,Gumla,Palkot,22.8783,84.6453,2.25E+14,2.25242E+14
W0388be4a8d,Jharkhand,Gumla,Raidih,22.9589,84.445,2.26E+14,2.25732E+14
Wadae3a354b,Jharkhand,Hazaribag,Barhi,24.3,85.4167,2.42E+14,2.418E+14
Wad63ea2bef,Jharkhand,Hazaribag,Barkatha,24.1667,85.6111,2.41E+14,2.41E+14
Wd002a3f553,Jharkhand,Hazaribag,Gola,23.525,85.7333,2.33E+14,2.3313E+14
W56c96d24a3,Jharkhand,Lohardaga,Bhandara,23.3583,84.7792,2.32E+14,2.3213E+14
W2f9de7856f,Jharkhand,Pakur,Amrapara,24.5319,87.5681,2.43E+14,2.43155E+14
W87b7996c49,Jharkhand,Pakur,Litipara,24.7069,87.63,2.44E+14,2.44225E+14
Wf081439b7f,Jharkhand,Palamau,Balumath,23.8333,84.7958,2.35E+14,2.35E+14
W6e463774e2,Jharkhand,Palamau,Chandwa,23.675,84.7458,2.34E+14,2.3403E+14
W060734b474,Jharkhand,Palamau,Latehar,23.7458,84.4083,2.34E+14,2.34445E+14
W32bc15602e,Jharkhand,Palamau,Manika,23.85,84.3458,2.35E+14,2.351E+14
We7f5100710,Jharkhand,Palamau,Rajhara,24.1792,84.025,2.41E+14,2.41045E+14
W1e6198cd69,Jharkhand,Palamau,Satbarwa,23.8458,84.1917,2.35E+14,2.35045E+14
W1c940cd1ab,Jharkhand,Ranchi,Kalimati,23.2208,85.0722,2.31E+14,2.31315E+14
W6d74e83912,Jharkhand,Ranchi,Khunti,23.0667,85.2733,2.30E+14,2.304E+14
Wc7cbbb06b1,Jharkhand,Sahebganj,Sahebganj1,25.2333,87.6389,2.51E+14,2.514E+14
Wb2afe0803a,Uttar pradesh,Aligarh,Andla,27.9183,77.9189,2.76E+14,2.75506E+14
W62f46cf18f,Uttar pradesh,Aligarh,Gonda,27.8194,77.8875,2.75E+14,2.7491E+14
W766007bfab,Uttar pradesh,Aligarh,Khair,27.9394,77.8506,2.76E+14,2.758E+14
W6e92a86a24,Uttar pradesh,Aligarh,Safedpur,27.9731,78.1842,2.76E+14,2.757E+14
W083f2930bd,Uttar pradesh,Aligarh,Sudiyal,27.9889,78.1028,2.76E+14,2.7592E+14
Waa96d91100,Uttar pradesh,Allahabad,Bairi,25.1167,81.675,2.51E+14,2.507E+14
We818105630,Uttar pradesh,Allahabad,Bara,25.25,81.7167,2.52E+14,2.515E+14
Wc8455245b8,Uttar pradesh,Allahabad,Khaptia kheri,25.0367,81.8122,2.50E+14,2.50415E+14
W03967f23d5,Uttar pradesh,Allahabad,Koraon,25.0167,82.0625,2.50E+14,2.501E+14
W832acc1ef8,Uttar pradesh,Allahabad,Ladiri bazar,25.0,81.9292,2.50E+14,2.5E+14
W6ee186d073,Uttar pradesh,Allahabad,Pasna,25.0458,82.1,2.50E+14,2.50245E+14
Wcf71fa1387,Uttar pradesh,Ambedkar nagar,Akbarpur1,26.45,82.5125,2.63E+14,2.627E+14
W18d3ac4692,Uttar pradesh,Ambedkar nagar,Kesharpur,26.4417,82.6736,2.63E+14,2.6263E+14
W18941dcefd,Uttar pradesh,Auraiya,Bandhamau,26.83,79.5958,2.65E+14,2.64948E+14
W55a62d69a3,Uttar pradesh,Auraiya,Hasulia,26.5125,79.3806,2.63E+14,2.63045E+14
W066d63c616,Uttar pradesh,Auraiya,Phaphund,26.5833,79.4708,2.64E+14,2.635E+14
Wc5dac0ac04,Uttar pradesh,Auraiya,Sahar,26.75,79.6067,2.65E+14,2.645E+14
Weac01d0b4a,Uttar pradesh,Ayodhya,Bakarganj,26.6847,82.3083,2.64E+14,2.64105E+14
W884518a653,Uttar pradesh,Ayodhya,Chaure bazar,26.4833,82.1417,2.63E+14,2.629E+14
Web0d82e208,Uttar pradesh,Ayodhya,Naokua,26.7117,82.045,2.64E+14,2.64242E+14
Wa4e7022cf1,Uttar pradesh,Azamgarh,Ahraula,26.1764,82.9042,2.61E+14,2.61035E+14
W3bf1c1e8c9,Uttar pradesh,Azamgarh,Badihari,26.2014,83.2297,2.61E+14,2.61205E+14
W2bb066131a,Uttar pradesh,Azamgarh,Bahrapur,25.925,83.05,2.56E+14,2.5553E+14
W08529727f7,Uttar pradesh,Azamgarh,Bairadih,25.9431,82.9875,2.56E+14,2.55635E+14
Wdc324cea36,Uttar pradesh,Azamgarh,Belwana,25.8944,82.8167,2.55E+14,2.5534E+14
Wbedc554faa,Uttar pradesh,Azamgarh,Bibipur khatauli,26.1361,83.0972,2.61E+14,2.6081E+14
W9eabf8ec32,Uttar pradesh,Azamgarh,Deogaon,25.7583,82.9917,2.55E+14,2.5453E+14
W18431b7ec6,Uttar pradesh,Azamgarh,Madayan,25.7847,83.0722,2.55E+14,2.54705E+14
W611b4cc1f1,Uttar pradesh,Azamgarh,Sageri,26.15,83.3,2.61E+14,2.609E+14
W56127b67fb,Uttar pradesh,Azamgarh,Saraimir,26.0167,82.9319,2.60E+14,2.601E+14
W8284bbb71b,Uttar pradesh,Azamgarh,Sidhauna,25.6764,83.1028,2.54E+14,2.54035E+14
W4ecb5957a0,Uttar pradesh,Bahraich,Baisanpurwa,27.5383,81.4383,2.73E+14,2.73218E+14
W2702a98a46,Uttar pradesh,Bahraich,Gaighat,27.9833,81.4167,2.76E+14,2.759E+14
W73d42641d0,Uttar pradesh,Bahraich,Katarniaghat,28.3333,81.1336,2.82E+14,2.82E+14
Wd2a05d5f0c,Uttar pradesh,Bahraich,Sablapur,27.7194,81.3792,2.74E+14,2.7431E+14
W8ad3d74311,Uttar pradesh,Bahraich,Tapri godh,28.0061,81.2611,2.80E+14,2.80022E+14
W895f73ad03,Uttar pradesh,Ballia,Babhnauli,25.825,84.2139,2.55E+14,2.5493E+14
W0a8cf52b1f,Uttar pradesh,Ballia,Chitbargaon,25.7444,84.0103,2.54E+14,2.5444E+14
W636e9a9481,Uttar pradesh,Ballia,Dalan chapra,25.7333,84.5167,2.54E+14,2.544E+14
Wa537ec064b,Uttar pradesh,Ballia,Garwar,25.8333,84.0333,2.55E+14,2.55E+14
We673b1ae16,Uttar pradesh,Ballia,Jaiprakashnagar,25.75,84.6,2.55E+14,2.545E+14
W93b8d36f66,Uttar pradesh,Ballia,Manihar,25.8125,84.1681,2.55E+14,2.54845E+14
Wd017710ebc,Uttar pradesh,Ballia,Nasirabad,25.7528,84.1056,2.55E+14,2.5451E+14
Wc8eb7bc2b6,Uttar pradesh,Ballia,Pur,25.9514,84.0083,2.56E+14,2.55705E+14
We52964cb78,Uttar pradesh,Ballia,Ubhavan,26.1233,83.8717,2.61E+14,2.60724E+14
W7e00d4c635,Uttar pradesh,Balrampur,Bankatwa,27.7369,82.2528,2.74E+14,2.74413E+14
Wca2c472e43,Uttar pradesh,Balrampur,Gainsari,27.5375,82.5375,2.73E+14,2.73215E+14
W8c19284cc7,Uttar pradesh,Balrampur,Gangnar,27.45,82.2847,2.73E+14,2.727E+14
W60749a384e,Uttar pradesh,Balrampur,Harriaya bazar,27.6536,82.2808,2.74E+14,2.73913E+14
W679bad6a66,Uttar pradesh,Balrampur,Jarwa,27.655,82.5233,2.74E+14,2.73918E+14
W836840fd42,Uttar pradesh,Balrampur,Pachperwa,27.5217,82.6667,2.73E+14,2.73118E+14
Wdaffa77cc5,Uttar pradesh,Balrampur,Semri1,27.3792,82.5389,2.72E+14,2.72245E+14
W2478e03cc3,Uttar pradesh,Balrampur,Sipahia village,27.5944,82.3361,2.74E+14,2.7354E+14
Wdea9f3958c,Uttar pradesh,Balrampur,Sridutganj1,27.3544,82.3561,2.72E+14,2.72116E+14
W261896df92,Uttar pradesh,Banda,Atarra,25.2769,80.5567,2.52E+14,2.51637E+14
W20c6fea21d,Uttar pradesh,Banda,Badausa,25.2417,80.65,2.51E+14,2.5143E+14
W528a0df972,Uttar pradesh,Banda,Badehan,25.135,80.3933,2.51E+14,2.50806E+14
We17ec3e9b6,Uttar pradesh,Banda,Banda,25.4833,80.3208,2.53E+14,2.529E+14
W4501f0e6d1,Uttar pradesh,Barabanki,Baba ki kuti,27.1867,81.1083,2.71E+14,2.71112E+14
Wa9763ee042,Uttar pradesh,Barabanki,Bhiwal,26.6972,81.2486,2.64E+14,2.6415E+14
Wf61a40d01a,Uttar pradesh,Barabanki,Datauli chanda,26.6375,81.3583,2.64E+14,2.63815E+14
Wb7b3bff935,Uttar pradesh,Barabanki,Dewa,27.0267,81.1783,2.70E+14,2.70136E+14
W52fcfbbc13,Uttar pradesh,Barabanki,Gutauna,26.6222,81.3417,2.64E+14,2.6372E+14
W7689487090,Uttar pradesh,Barabanki,Kitlupur,27.1028,81.1903,2.71E+14,2.7061E+14
Webc6cb1625,Uttar pradesh,Barabanki,Masauli chaurah,26.9833,81.2983,2.66E+14,2.659E+14
W0ed8dd5a2d,Uttar pradesh,Barabanki,Purwa amarsingh,27.1361,81.3944,2.71E+14,2.7081E+14
W01a2a0c3e2,Uttar pradesh,Barabanki,Rani katra,26.9756,81.5261,2.66E+14,2.65832E+14
W7bb17d15a8,Uttar pradesh,Barabanki,Sarai barai,26.8503,81.7106,2.65E+14,2.65101E+14
W4094ca76d9,Uttar pradesh,Barabanki,Sidhaur,26.7708,81.4083,2.65E+14,2.64615E+14
W8f23818f06,Uttar pradesh,Barabanki,Sundhia mau,27.125,81.2983,2.71E+14,2.7073E+14
W8d95cbc7bf,Uttar pradesh,Barabanki,Trivediganj,26.6375,81.3083,2.64E+14,2.63815E+14
W060a99220a,Uttar pradesh,Bareilly,Bareilly1,28.3667,79.4,2.82E+14,2.822E+14
W680abda5fb,Uttar pradesh,Bareilly,Bhuta,28.3361,79.5958,2.82E+14,2.8201E+14
Wa8c65a325f,Uttar pradesh,Bareilly,Shishgarh,28.7167,79.3167,2.84E+14,2.843E+14
W7daea592e9,Uttar pradesh,Basti,Basti,26.8,82.7333,2.65E+14,2.648E+14
W79014de125,Uttar pradesh,Basti,Bhanpur,27.0181,82.6681,2.70E+14,2.70105E+14
Wb501a1ddaa,Uttar pradesh,Basti,Captainganj1,26.7667,82.5564,2.65E+14,2.646E+14
W39480cc43f,Uttar pradesh,Basti,Haraiya,26.8,82.4667,2.65E+14,2.648E+14
W506e77cfd9,Uttar pradesh,Basti,Kharauan jat,26.6917,82.6833,2.64E+14,2.6413E+14
W799e3fd435,Uttar pradesh,Bijnor,Sarakthal,29.2367,78.4667,2.91E+14,2.91412E+14
W644b2a0c5e,Uttar pradesh,Chandauli,Chakia,25.0417,83.2217,2.50E+14,2.5023E+14
Wdfdf4810a2,Uttar pradesh,Chandauli,Dhanpur,25.4533,83.3417,2.53E+14,2.52712E+14
W42e7a0a621,Uttar pradesh,Chandauli,Kamalpur,25.37,83.3767,2.52E+14,2.52212E+14
Wd69b9c7120,Uttar pradesh,Chitrakoot,Bhaunri,25.225,81.0403,2.51E+14,2.5133E+14
W698cd43213,Uttar pradesh,Chitrakoot,Chakrajafar,25.26,80.9217,2.52E+14,2.51536E+14
W9abc35f9b5,Uttar pradesh,Chitrakoot,Jorwara,25.2468,81.2711,2.51E+14,2.51455E+14
Wc57733b215,Uttar pradesh,Chitrakoot,Karwi,25.2083,80.925,2.51E+14,2.5123E+14
W34803e6edd,Uttar pradesh,Chitrakoot,Manikpur,25.0667,81.1,2.50E+14,2.504E+14
Wd8fb05d1ec,Uttar pradesh,Chitrakoot,Mau,25.2694,81.375,2.52E+14,2.5161E+14
W1facb98ff7,Uttar pradesh,Chitrakoot,Raipura,25.2318,81.3534,2.51E+14,2.51342E+14
Wb095e6d730,Uttar pradesh,Deoria,Baitalpur,26.55,83.7333,2.63E+14,2.633E+14
Wd70b5246f4,Uttar pradesh,Deoria,Desai deoria,26.6667,83.7833,2.64E+14,2.64E+14
We08ab060e1,Uttar pradesh,Deoria,Gauri bazar,26.5908,83.6625,2.64E+14,2.63527E+14
W9880326553,Uttar pradesh,Deoria,Lar road,26.21,83.92,2.61E+14,2.61236E+14
Wca905e9160,Uttar pradesh,Deoria,Pathardewa(narayanpur kothi),26.5833,84.0,2.64E+14,2.635E+14
W071f62ede5,Uttar pradesh,Deoria,Rampur garh,26.5736,83.8208,2.63E+14,2.63425E+14
W7085ea473d,Uttar pradesh,Deoria,Ratasia kothi,26.2769,84.1467,2.62E+14,2.61637E+14
Waf8abafdca,Uttar pradesh,Farrukhabad,Rajepur,27.4833,79.6639,2.73E+14,2.729E+14
W76dc677372,Uttar pradesh,Ghazipur,Baresar,25.3917,83.5667,2.52E+14,2.5233E+14
Wea8f39c9ae,Uttar pradesh,Ghazipur,Deoria,25.4806,83.575,2.53E+14,2.5285E+14
W2d8c07aa45,Uttar pradesh,Ghazipur,Dildar nagar,25.45,83.66,2.53E+14,2.527E+14
W673504f97c,Uttar pradesh,Ghazipur,Gahmar,25.4694,83.8361,2.53E+14,2.5281E+14
W2c8d57dde8,Uttar pradesh,Ghazipur,Orulari,25.7542,83.4708,2.55E+14,2.54515E+14
Wbecdd6d5e3,Uttar pradesh,Ghazipur,Pyrepur,25.675,83.2417,2.54E+14,2.5403E+14
Wd76a159e57,Uttar pradesh,Gonda,Bhauriganj,27.0125,81.7361,2.70E+14,2.70045E+14
W28806735eb,Uttar pradesh,Gonda,Birpur katra,27.1972,81.7667,2.71E+14,2.7115E+14
W7e0bb9c316,Uttar pradesh,Gonda,Mankapur,27.0333,82.25,2.70E+14,2.702E+14
W521b662601,Uttar pradesh,Gonda,Parsa gondri,27.1222,81.805,2.71E+14,2.7072E+14
W529c5badca,Uttar pradesh,Gorakhpur,Kauriram,26.5333,83.4167,2.63E+14,2.632E+14
Wdfa8c710a2,Uttar pradesh,Hamirpur,Bewar,25.7611,79.93,2.55E+14,2.5454E+14
W2825d39596,Uttar pradesh,Hardoi,Del panderwa,27.7611,80.2014,2.75E+14,2.7454E+14
W23a4a78bb0,Uttar pradesh,Hardoi,Dhobia,27.6389,80.2844,2.74E+14,2.7382E+14
W3cd0f99c86,Uttar pradesh,Hardoi,Manjila,27.2694,80.075,2.72E+14,2.7161E+14
W23d953ab0a,Uttar pradesh,Hardoi,Pihani,27.625,80.1944,2.74E+14,2.7373E+14
W9475677cda,Uttar pradesh,Hathras,Iglas,27.7167,77.9333,2.74E+14,2.743E+14
Wa64d34a5a3,Uttar pradesh,Hathras,Rattika nagla,27.6583,78.2683,2.74E+14,2.7393E+14
W8eb55f713d,Uttar pradesh,Jaunpur,Janghai,25.5528,82.32,2.53E+14,2.5331E+14
W8f6f31e8ec,Uttar pradesh,Jaunpur,Narar(jamnipur),25.5889,82.2583,2.54E+14,2.5352E+14
Wc266aa7b42,Uttar pradesh,Jaunpur,Raja bazar,25.9,82.3167,2.55E+14,2.554E+14
Wffea157588,Uttar pradesh,Jaunpur,Sigra mau,25.9472,82.3917,2.56E+14,2.5565E+14
W7ce2a1a16e,Uttar pradesh,Kanpur dehat,Kainjari,26.6089,79.8875,2.64E+14,2.63632E+14
We3954794ef,Uttar pradesh,Kanpur dehat,Muhammadpur,26.2958,79.9125,2.62E+14,2.61745E+14
W50e1c33ba4,Uttar pradesh,Kanpur dehat,Roura,26.4806,79.9033,2.63E+14,2.6285E+14
W6a49171020,Uttar pradesh,Kanpur nagar,Bidhnu,26.3194,80.2389,2.62E+14,2.6191E+14
W06989dcc60,Uttar pradesh,Kanpur nagar,Bithoor-nganj,26.5975,80.2717,2.64E+14,2.63551E+14
Wf625a17511,Uttar pradesh,Kanpur nagar,Sachendi,26.4292,80.1667,2.63E+14,2.62545E+14
Wde14920db1,Uttar pradesh,Kanpur nagar,Sarh,26.2361,80.35,2.61E+14,2.6141E+14
W091962c55d,Uttar pradesh,Kaushambi,Sallahpur,25.475,81.68,2.53E+14,2.5283E+14
W5e03fb8f5c,Uttar pradesh,Kheri,Asogapur,27.8917,80.95,2.75E+14,2.7533E+14
We036fb88eb,Uttar pradesh,Kheri,Chamlapur,27.9133,80.8833,2.75E+14,2.75448E+14
W1a853572f6,Uttar pradesh,Kheri,Chandan chowki,28.5278,80.7625,2.83E+14,2.8314E+14
Wb17ed1f4d0,Uttar pradesh,Kheri,Chauapur,27.9833,80.9,2.76E+14,2.759E+14
W173aeb5935,Uttar pradesh,Kheri,Dudhwa f.r.h.,28.4889,80.6494,2.83E+14,2.8292E+14
W70d0b590f7,Uttar pradesh,Kushinagar,Chittauni,27.1333,83.9542,2.71E+14,2.708E+14
W9c7e518db4,Uttar pradesh,Kushinagar,Mansurganj,26.9056,83.6,2.65E+14,2.6542E+14
W215673faae,Uttar pradesh,Kushinagar,Naurangia,27.0333,83.9,2.70E+14,2.702E+14
W7fd60501f9,Uttar pradesh,Kushinagar,Rambar,26.8667,83.8667,2.65E+14,2.652E+14
Weaa150a79e,Uttar pradesh,Lucknow,Gosaiganj1,26.7667,81.1125,2.65E+14,2.646E+14
Wabecfc2453,Uttar pradesh,Lucknow,Mohanlalganj,26.6972,80.9569,2.64E+14,2.6415E+14
Wca5658a591,Uttar pradesh,Lucknow,Munshiganj,26.7494,81.155,2.64E+14,2.64458E+14
W5b29b576dc,Uttar pradesh,Maharajganj,Ghughali,27.05,83.7333,2.70E+14,2.703E+14
Wdcbf8fd769,Uttar pradesh,Maharajganj,Kukesar,27.4517,83.57,2.73E+14,2.72706E+14
Wa7d28cf957,Uttar pradesh,Maharajganj,Maharajganj2,27.1472,83.5639,2.71E+14,2.7085E+14
Wde8bbe7598,Uttar pradesh,Maharajganj,Siswa bazar,27.2,83.7667,2.71E+14,2.712E+14
Wd76d1486d9,Uttar pradesh,Mahoba,Bela tal,25.2703,79.5778,2.52E+14,2.51613E+14
W97c4586ed5,Uttar pradesh,Mahoba,Charkhari,25.4,79.75,2.52E+14,2.524E+14
W1ca2bdbab3,Uttar pradesh,Mahoba,Kulpahar2,25.3167,79.65,2.52E+14,2.519E+14
We7d3dc3325,Uttar pradesh,Mainpuri,Baldeo,27.4194,77.8222,2.73E+14,2.7251E+14
W34c2c33352,Uttar pradesh,Mainpuri,Jhinga nagla,27.3708,77.5736,2.72E+14,2.72215E+14
Wabe7bf5933,Uttar pradesh,Mainpuri,Sahar1,27.625,77.4867,2.74E+14,2.7373E+14
W7ed421f449,Uttar pradesh,Mainpuri,Saunkh,27.3967,77.5,2.72E+14,2.72348E+14
W62071f074f,Uttar pradesh,Mathura,Barsana,27.6556,77.3778,2.74E+14,2.7392E+14
W24f24964ab,Uttar pradesh,Mathura,Jachoda,27.495,77.5683,2.73E+14,2.72942E+14
W619ccb0667,Uttar pradesh,Mathura,Kosi,27.7861,77.4383,2.75E+14,2.7471E+14
W2e3524c0d9,Uttar pradesh,Mau,Dhorighat,26.25,83.5125,2.62E+14,2.615E+14
W7f4162f6c9,Uttar pradesh,Mau,Ghosi,26.1167,83.5417,2.61E+14,2.607E+14
W981068a307,Uttar pradesh,Mirzapur,Ahraura,25.0208,83.0403,2.50E+14,2.50115E+14
W38723b2424,Uttar pradesh,Mirzapur,Baghura,24.8833,82.7917,2.45E+14,2.453E+14
Wda966ea7ec,Uttar pradesh,Mirzapur,Barhanchuan,24.9272,83.0444,2.46E+14,2.45538E+14
Wc743e6a359,Uttar pradesh,Mirzapur,Gopalpur,25.1583,82.4833,2.51E+14,2.5093E+14
Wd315b009c1,Uttar pradesh,Mirzapur,Halia,24.8267,82.3233,2.45E+14,2.44936E+14
Wcad5ad3f1d,Uttar pradesh,Mirzapur,Lalganj,25.0208,82.3639,2.50E+14,2.50115E+14
Wf78399bdd9,Uttar pradesh,Mirzapur,Lohangpur,25.0667,82.49,2.50E+14,2.504E+14
W2fbd99e65b,Uttar pradesh,Mirzapur,Mirzapur,25.1333,82.6,2.51E+14,2.508E+14
W69dd0185a3,Uttar pradesh,Moradabad,Fauladpur,29.1,78.8667,2.91E+14,2.906E+14
We5c2e96019,Uttar pradesh,Muzaffarnagar,Sukratal,29.495,77.99,2.93E+14,2.92942E+14
W371e2f95ae,Uttar pradesh,Pilibhit,Bhamora,28.7142,79.8867,2.84E+14,2.84251E+14
W9c593592ce,Uttar pradesh,Pilibhit,Faradia,28.725,79.7167,2.84E+14,2.8433E+14
W64eec56435,Uttar pradesh,Pilibhit,Gajraula1,28.525,79.8867,2.83E+14,2.8313E+14
W496a196d16,Uttar pradesh,Pilibhit,Jeora kalyanpur,28.3164,79.815,2.82E+14,2.81859E+14
W25f4e7f8d6,Uttar pradesh,Pratapgarh,Gutni,25.7083,81.4,2.54E+14,2.5423E+14
W637bb611e5,Uttar pradesh,Pratapgarh,Jathwara,25.8139,81.7653,2.55E+14,2.5485E+14
Wf6c6c81ae6,Uttar pradesh,Pratapgarh,Kunda,25.715,81.5217,2.54E+14,2.54254E+14
W20c6bfa24e,Uttar pradesh,Pratapgarh,Lalgopalganj,25.675,81.6333,2.54E+14,2.5403E+14
W029a206c98,Uttar pradesh,Pratapgarh,Maddupur,25.8875,81.4486,2.55E+14,2.55315E+14
W7e814d6599,Uttar pradesh,Pratapgarh,Mandhata,25.7922,81.8789,2.55E+14,2.54732E+14
W6702c9ad4f,Uttar pradesh,Pratapgarh,Mohanganj,25.8833,81.9,2.55E+14,2.553E+14
W6a0caeb9ed,Uttar pradesh,Pratapgarh,Nanasukul purwa,25.7583,81.5933,2.55E+14,2.5453E+14
W6d51c3c492,Uttar pradesh,Pratapgarh,Sangramgarh,25.8522,81.4958,2.55E+14,2.55108E+14
W7419260104,Uttar pradesh,Praygraj,Baraut1,25.3403,82.275,2.52E+14,2.52025E+14
W9850aa0260,Uttar pradesh,Praygraj,Mallhan,25.6111,82.0972,2.54E+14,2.5364E+14
Wee9023da34,Uttar pradesh,Praygraj,Meja,25.1417,82.1,2.51E+14,2.5083E+14
W6cb814de2d,Uttar pradesh,Praygraj,Sikandra1,25.5833,81.9736,2.54E+14,2.535E+14
We71d50583d,Uttar pradesh,Raibareli,Ahraura bhawani,26.4947,81.3486,2.63E+14,2.62941E+14
Wb59c7ecdd9,Uttar pradesh,Raibareli,Cheek daadar,26.2708,81.2886,2.62E+14,2.61615E+14
Wdc96412100,Uttar pradesh,Raibareli,Dhonda ka purwa,26.3111,81.3733,2.62E+14,2.6184E+14
W6c4abe829d,Uttar pradesh,Raibareli,Fursatganj,26.2583,81.3528,2.62E+14,2.6153E+14
W945b3a2aa6,Uttar pradesh,Raibareli,Gopalipur,26.1083,81.0083,2.61E+14,2.6063E+14
W33dd0beca7,Uttar pradesh,Raibareli,Jais,26.2517,81.535,2.62E+14,2.61506E+14
W8f4b7e680f,Uttar pradesh,Raibareli,Kachunda,26.3083,81.2583,2.62E+14,2.6183E+14
W4922a5b767,Uttar pradesh,Raibareli,Katghar,26.1514,81.1417,2.61E+14,2.60905E+14
Wa6352cef75,Uttar pradesh,Raibareli,Kumbhi ka purwa,26.5681,81.2658,2.63E+14,2.63405E+14
W582dacf165,Uttar pradesh,Raibareli,Laxmanganjbazar,26.15,81.3583,2.61E+14,2.609E+14
Wd74c2c8ffe,Uttar pradesh,Raibareli,Matrwa,26.3458,81.4428,2.62E+14,2.62045E+14
Wa741112e44,Uttar pradesh,Raibareli,Mau garbi,26.4214,81.3606,2.63E+14,2.62517E+14
Wb679519532,Uttar pradesh,Raibareli,Mohanganj1,26.2417,81.4808,2.61E+14,2.6143E+14
W00a0c4950a,Uttar pradesh,Raibareli,Nigohan1,26.2667,81.4333,2.62E+14,2.616E+14
W8ec2a3e728,Uttar pradesh,Raibareli,Simrauta(ii),26.45,81.425,2.63E+14,2.627E+14
W7d3b590522,Uttar pradesh,Sant kabir nagar,Maidawal,26.9667,83.1167,2.66E+14,2.658E+14
W3200bbfabc,Uttar pradesh,Sant kabir nagar,Nathnagar,26.605,83.0311,2.64E+14,2.63618E+14
Wa290491b33,Uttar pradesh,Sant ravidas nagar,Koirauna,25.2972,82.3125,2.52E+14,2.5175E+14
W16139cf7d1,Uttar pradesh,Sant ravidas nagar,Pali1,25.3792,82.425,2.52E+14,2.52245E+14
W6364acd9a0,Uttar pradesh,Shrawasti,Bhagwanpur,27.5167,81.9319,2.73E+14,2.731E+14
W963de79e0a,Uttar pradesh,Shrawasti,Dikauli,27.6486,81.7333,2.74E+14,2.73855E+14
W20228e6fd0,Uttar pradesh,Shrawasti,Madora chowki,27.5056,81.9333,2.73E+14,2.7302E+14
W1179a97f11,Uttar pradesh,Shrawasti,Pakaria,27.6972,81.7125,2.74E+14,2.7415E+14
Wa524491158,Uttar pradesh,Shrawasti,Ratanpur,27.8028,81.9653,2.75E+14,2.7481E+14
W21f6c9c7c7,Uttar pradesh,Shrawasti,Sirsia1,27.7983,82.09,2.75E+14,2.74754E+14
W0a7c3d9bd1,Uttar pradesh,Shrawasti,Tulsipur2,27.6833,81.7056,2.74E+14,2.741E+14
W6f83d2ebfd,Uttar pradesh,Siddharthnagar,Badhni,27.4986,82.7833,2.73E+14,2.72955E+14
W638ed8c991,Uttar pradesh,Siddharthnagar,Bansi1,27.1667,82.9167,2.71E+14,2.71E+14
We4177f0024,Uttar pradesh,Siddharthnagar,Birdpur,27.3681,83.1181,2.72E+14,2.72205E+14
W9fcafa3195,Uttar pradesh,Siddharthnagar,Chilihia,27.2667,82.875,2.72E+14,2.716E+14
W86ac806e46,Uttar pradesh,Siddharthnagar,Dumariaganj,27.2,82.65,2.71E+14,2.712E+14
W07abf171fb,Uttar pradesh,Siddharthnagar,Parsa,27.4433,82.895,2.73E+14,2.72636E+14
W0e8982507d,Uttar pradesh,Siddharthnagar,Uska,27.1917,83.125,2.71E+14,2.7113E+14
W793f4e65ba,Uttar pradesh,Sitapur,Biswan2,27.5,81.0,2.73E+14,2.73E+14
Wc49c2b8956,Uttar pradesh,Sitapur,Biutmani,27.555,80.9533,2.73E+14,2.73318E+14
Wa696d4062d,Uttar pradesh,Sitapur,Deokalia,27.4444,81.0283,2.73E+14,2.7264E+14
W3c84d75d4c,Uttar pradesh,Sitapur,Hargaon,27.6542,80.7361,2.74E+14,2.73915E+14
Wb59a4441e5,Uttar pradesh,Sitapur,Jahangirabad,27.5208,81.105,2.73E+14,2.73115E+14
W3fce7b3404,Uttar pradesh,Sitapur,Karauna,27.3764,80.6097,2.72E+14,2.72235E+14
Wee37aa9dcf,Uttar pradesh,Sitapur,Khamaria,27.3767,80.9047,2.72E+14,2.72236E+14
W6ad1c95936,Uttar pradesh,Sitapur,Madnapur,27.4056,81.2044,2.72E+14,2.7242E+14
Wff02c52af3,Uttar pradesh,Sitapur,Purwara gosai,27.345,81.1683,2.72E+14,2.72042E+14
Wdfdd650de9,Uttar pradesh,Sonbhadra,Anpara,24.2064,82.77,2.41E+14,2.41223E+14
W69de8e8e11,Uttar pradesh,Sonbhadra,Babhani,23.9539,83.0792,2.36E+14,2.35714E+14
Wa04776fea6,Uttar pradesh,Sonbhadra,Bairpan,24.2097,82.8736,2.41E+14,2.41235E+14
W69f6112a86,Uttar pradesh,Sonbhadra,Chopan,24.0222,83.0264,2.40E+14,2.4012E+14
Wae55977e7a,Uttar pradesh,Sonbhadra,Dudhi,24.2308,83.2347,2.41E+14,2.41351E+14
W79c9836950,Uttar pradesh,Sonbhadra,Gara,24.2075,82.9881,2.41E+14,2.41227E+14
Wf339213800,Uttar pradesh,Sonbhadra,Ghorawal1,24.7578,82.7806,2.45E+14,2.44528E+14
We09cc32d48,Uttar pradesh,Sonbhadra,Hatinala,24.05,83.1,2.40E+14,2.403E+14
W719eab059f,Uttar pradesh,Sonbhadra,Jarha,24.0078,82.9033,2.40E+14,2.40028E+14
Wf586e0e67f,Uttar pradesh,Sonbhadra,Muirpur,24.1167,83.055,2.41E+14,2.407E+14
Wdb4600bc80,Uttar pradesh,Sonbhadra,Robertsganj1,24.6917,83.0667,2.44E+14,2.4413E+14
Wc0b37cf224,Uttar pradesh,Sonbhadra,Son barsa,24.8333,82.9333,2.45E+14,2.45E+14
Wfa173cf34e,Uttar pradesh,Sultanpur,Badgaon,26.0558,81.8006,2.60E+14,2.60321E+14
W807d80367d,Uttar pradesh,Sultanpur,Bhadar,26.1717,82.0519,2.61E+14,2.61018E+14
W98b569ea20,Uttar pradesh,Sultanpur,Bhatgaon,26.3056,81.6583,2.62E+14,2.6182E+14
W9333d6cece,Uttar pradesh,Sultanpur,Bhim pashim,26.1675,81.9086,2.61E+14,2.61003E+14
W5dcb3478d9,Uttar pradesh,Sultanpur,Dariyan ka purw,26.2644,81.8225,2.62E+14,2.61552E+14
Wfd4f33b259,Uttar pradesh,Sultanpur,Goriabad,26.3292,81.5778,2.62E+14,2.61945E+14
W1bc04ed2e6,Uttar pradesh,Sultanpur,Janapur,26.3639,81.5875,2.62E+14,2.6215E+14
W99cf95c840,Uttar pradesh,Sultanpur,Kadipur,26.1667,82.3756,2.61E+14,2.61E+14
W777ec167d3,Uttar pradesh,Sultanpur,Khutahna,26.4,81.6667,2.62E+14,2.624E+14
Wee8899b8af,Uttar pradesh,Sultanpur,Kurwar,26.3583,81.975,2.62E+14,2.6213E+14
W1ffbf851a4,Uttar pradesh,Sultanpur,Kusitali,26.1739,81.7622,2.61E+14,2.61026E+14
W2140fa5412,Uttar pradesh,Sultanpur,Kutta,26.4472,82.0167,2.63E+14,2.6265E+14
Wa15ea2ba2d,Uttar pradesh,Sultanpur,Mahona,26.5333,81.5833,2.63E+14,2.632E+14
We8976e2c26,Uttar pradesh,Sultanpur,Mardanpur,26.5625,81.6167,2.63E+14,2.63345E+14
Wd53d1240c2,Uttar pradesh,Sultanpur,Mundawa,26.2858,81.9694,2.62E+14,2.61709E+14
W112bc3f7b2,Uttar pradesh,Sultanpur,Munshiganj1,26.2125,81.8125,2.61E+14,2.61245E+14
Wf30b4dc887,Uttar pradesh,Sultanpur,Piparpur,26.1433,82.0333,2.61E+14,2.60836E+14
W3d44721aaf,Uttar pradesh,Sultanpur,Ramgarh1,26.1389,82.125,2.61E+14,2.6082E+14
W41116ecf37,Uttar pradesh,Sultanpur,Shivgarh,26.1,82.125,2.61E+14,2.606E+14
Wf66450bbbc,Uttar pradesh,Unnao,Chakalvanshi,26.6417,80.4611,2.64E+14,2.6383E+14
W432a6bc407,Uttar pradesh,Unnao,Hasewan,26.7639,80.575,2.65E+14,2.6455E+14
W5d69deb8d9,Uttar pradesh,Unnao,Makur,26.65,80.6333,2.64E+14,2.639E+14
Wf38047f009,Uttar pradesh,Unnao,Malauna,26.3556,80.8208,2.62E+14,2.6212E+14
W4106bb38f7,Uttar pradesh,Unnao,Methi tikur,26.6944,80.4333,2.64E+14,2.6414E+14
W9534abfb2d,Uttar pradesh,Unnao,Pinjra,26.4097,80.8444,2.62E+14,2.62435E+14
W3943e436c1,Uttar pradesh,Unnao,Sumerpur,26.275,80.8083,2.62E+14,2.6163E+14
Wc986e526c6,Uttar pradesh,Unnao,Thaura,26.5283,80.675,2.63E+14,2.63142E+14
Wa6a531cecf,Uttar pradesh,Unnao,Unchagaon1,26.1792,80.7042,2.61E+14,2.61045E+14
Waec30226ac,Uttar pradesh,Varanasi,Anai,25.4583,82.7361,2.53E+14,2.5273E+14
Wb092b91304,Uttar pradesh,Varanasi,Chobepur,25.45,83.0867,2.53E+14,2.527E+14
W6af3996921,Uttar pradesh,Varanasi,Jikhan(narsara),25.1931,82.8417,2.51E+14,2.51135E+14
W931c4cc1c4,Uttar pradesh,Varanasi,Rustampur,25.395,83.075,2.52E+14,2.52342E+14
W1be9f128da,Uttar pradesh,Varanasi,Varanasi,25.3,82.95,2.52E+14,2.518E+14
W551e06f0df,Tamil nadu,Chennai,K.k.nagar,13.0417,80.2083,1.30E+14,1.3023E+14
Wb2f0d5f1d6,Tamil nadu,Coimbatore,Angalakurichi,10.525,76.9994,1.03E+14,1.0313E+14
Wc05708fe19,Tamil nadu,Coimbatore,Ganesapuram,11.1753,77.0556,1.11E+14,1.11031E+14
We6978863cd,Tamil nadu,Coimbatore,Pichanur,10.875,76.9,1.05E+14,1.0523E+14
W1d35991ae9,Tamil nadu,Coimbatore,Pollachi1,10.6611,77.0,1.04E+14,1.0394E+14
W459927e834,Tamil nadu,Coimbatore,Samalapuram,11.0875,77.1792,1.11E+14,1.10515E+14
W7b0fad8135,Tamil nadu,Coimbatore,Saravanampatti,11.0694,77.0014,1.10E+14,1.1041E+14
Wd6bbdd24c9,Tamil nadu,Coimbatore,Saravanampatti1,11.075,77.0014,1.10E+14,1.1043E+14
Wb7df75b8df,Tamil nadu,Coimbatore,Seeliyur,11.1792,76.7583,1.11E+14,1.11045E+14
W4f3935dfd2,Tamil nadu,Coimbatore,Singanallur,10.9964,77.0208,1.06E+14,1.05947E+14
Wd72fff7350,Tamil nadu,Coimbatore,Sulur,11.025,77.125,1.10E+14,1.1013E+14
Wdff638c7c3,Tamil nadu,Coimbatore,Vadavalli,11.025,76.9083,1.10E+14,1.1013E+14
W819ebd1ebc,Tamil nadu,Dharmapuri,Bommidimalapurm,12.0,78.25,1.20E+14,1.2E+14
Wbfaeb9db31,Tamil nadu,Dharmapuri,Harur2,12.0514,78.4833,1.20E+14,1.20305E+14
W5696bbad0a,Tamil nadu,Dharmapuri,Indoor,12.1333,78.0583,1.21E+14,1.208E+14
We7c193901b,Tamil nadu,Dharmapuri,Nagadasampatti,12.1333,77.9833,1.21E+14,1.208E+14
W39e5c4b65f,Tamil nadu,Dindigul,Ayyalur,10.4792,78.1833,1.03E+14,1.02845E+14
Wdb3f9bfad7,Tamil nadu,Dindigul,Chattrapatti,10.4667,77.6583,1.03E+14,1.028E+14
W8efe70d1d6,Tamil nadu,Dindigul,Hanumanthanagar,10.3514,77.9944,1.02E+14,1.02105E+14
Wa0b802b1a9,Tamil nadu,Dindigul,Idayapatti,10.7583,78.0333,1.05E+14,1.0453E+14
W3f0ccc6ffc,Tamil nadu,Dindigul,Kallimandiam,10.5833,77.6944,1.04E+14,1.035E+14
W95fe50c7b6,Tamil nadu,Dindigul,Kodaikanal,10.2347,77.4833,1.01E+14,1.01405E+14
W5e04d00363,Tamil nadu,Dindigul,Kovilur (ramanathapuram),10.5917,78.0861,1.04E+14,1.0353E+14
Wbe631207c9,Tamil nadu,Dindigul,Natham1,10.2222,78.2472,1.01E+14,1.0132E+14
Wea47c575f4,Tamil nadu,Dindigul,Nattam,10.2328,78.2333,1.01E+14,1.01358E+14
Wc848a5c188,Tamil nadu,Dindigul,Oddanchatram1,10.4908,77.7528,1.03E+14,1.02927E+14
W363e85fdfb,Tamil nadu,Dindigul,Oodanchatram,10.4875,77.7542,1.03E+14,1.02915E+14
Wb005cb4024,Tamil nadu,Dindigul,Palani2,10.4333,77.5125,1.03E+14,1.026E+14
We658b7a4dc,Tamil nadu,Dindigul,Sanarpatti,10.2583,78.1,1.02E+14,1.0153E+14
Wb365cbeaca,Tamil nadu,Dindigul,Thumbalapatti,10.5333,77.5208,1.03E+14,1.032E+14
W99259983d1,Tamil nadu,Dindigul,Vadamadurai,10.3583,78.1,1.02E+14,1.0213E+14
W04f0d854da,Tamil nadu,Erode,Alangiyam,10.6583,77.4958,1.04E+14,1.0393E+14
W12ba096bad,Tamil nadu,Erode,Ammapet1,11.625,77.7167,1.14E+14,1.1373E+14
W659e9a4798,Tamil nadu,Erode,Ammapet2,11.6194,77.7444,1.14E+14,1.1371E+14
W23ead22cfa,Tamil nadu,Erode,Attani,11.5242,77.5167,1.13E+14,1.13127E+14
W81c692cf25,Tamil nadu,Erode,Avalpundurai,11.2333,77.7208,1.11E+14,1.114E+14
W9472f9271b,Tamil nadu,Erode,Bhavani1,11.8083,77.5333,1.15E+14,1.1483E+14
W1d8e2928ba,Tamil nadu,Erode,Chennimalai2,11.1625,77.5972,1.11E+14,1.10945E+14
W00d7981818,Tamil nadu,Erode,Chittodu,11.3917,77.6778,1.12E+14,1.1233E+14
We986a61d79,Tamil nadu,Erode,Dharapuram1,10.7333,77.5333,1.04E+14,1.044E+14
Wdcb841d7f3,Tamil nadu,Erode,Elmattur,11.1944,77.7792,1.11E+14,1.1114E+14
W4cf8d55d4e,Tamil nadu,Erode,Erode2,11.3333,77.7333,1.12E+14,1.12E+14
W1052c23ef8,Tamil nadu,Erode,Gobichettipalayam1,11.4583,77.4458,1.13E+14,1.1273E+14
W9a44c94072,Tamil nadu,Erode,Indiampalayam,11.45,77.2694,1.13E+14,1.127E+14
W81fdfe5701,Tamil nadu,Erode,Kangayam2,11.0028,77.5625,1.10E+14,1.1001E+14
W49c46feaa1,Tamil nadu,Erode,Kasipalayam,11.4556,77.3394,1.13E+14,1.1272E+14
Wf367c30cf4,Tamil nadu,Erode,Kavundapadi1,11.4222,77.5583,1.13E+14,1.1252E+14
W27079bdae0,Tamil nadu,Erode,Krishnapuram,11.5367,77.7097,1.13E+14,1.13212E+14
W44fef94578,Tamil nadu,Erode,Mulanur2,10.7917,77.7083,1.05E+14,1.0473E+14
W101e8e08d3,Tamil nadu,Erode,Muttur1,11.0417,77.7333,1.10E+14,1.1023E+14
Waebb41f85e,Tamil nadu,Erode,Nasiyanur,11.3361,77.5861,1.12E+14,1.1201E+14
Wa1528c0c22,Tamil nadu,Erode,Perundurai1,11.2792,77.5847,1.12E+14,1.11645E+14
W66c86b5911,Tamil nadu,Erode,Unjalur,11.125,77.875,1.11E+14,1.1073E+14
W581dbdee8a,Tamil nadu,Erode,Urachikottai,11.4847,77.6917,1.13E+14,1.12905E+14
W2427561642,Tamil nadu,Erode,Uthiyur,10.8917,77.5292,1.05E+14,1.0533E+14
W570cad8ede,Tamil nadu,Kancheepuram,Kancheepuram,12.8333,79.7083,1.25E+14,1.25E+14
W41ffe08c11,Tamil nadu,Kancheepuram,Madurantagam1,12.5292,79.9,1.23E+14,1.23145E+14
W4ffb69f657,Tamil nadu,Kancheepuram,Mahabalipuram,12.625,80.1917,1.24E+14,1.2373E+14
Wf189298ce5,Tamil nadu,Kancheepuram,Paddapai,12.9125,80.0125,1.25E+14,1.25445E+14
W2b2f94dcf5,Tamil nadu,Kancheepuram,Rettamangalam,12.6333,79.8333,1.24E+14,1.238E+14
W17756a8432,Tamil nadu,Kancheepuram,Tambaram1,12.9333,80.1333,1.26E+14,1.256E+14
Wc02c2ed2a5,Tamil nadu,Kancheepuram,Thirumukkudal,12.7375,79.8417,1.24E+14,1.24415E+14
W7e7e25779c,Tamil nadu,Kancheepuram,Uthiramerur2,12.6083,79.7375,1.24E+14,1.2363E+14
W2f2c623f66,Tamil nadu,Kancheepuram,Walajabad,12.775,79.825,1.25E+14,1.2463E+14
Wcb586cedf1,Tamil nadu,Karur,Paramatti1,10.9667,77.9125,1.06E+14,1.058E+14
Wfcea972db2,Tamil nadu,Krishnagiri,Anusonai,12.5667,77.9,1.23E+14,1.234E+14
Wfceda36fd4,Tamil nadu,Krishnagiri,Mattur2,12.3833,78.4167,1.22E+14,1.223E+14
W07d920d20c,Tamil nadu,Madurai,Kadavoor,10.0792,78.175,1.00E+14,1.00445E+14
W830218245a,Tamil nadu,Madurai,Kallandri1,10.0458,78.2,1.00E+14,1.00245E+14
W9b327810d2,Tamil nadu,Namakkal,Ayilpatti,11.5333,78.35,1.13E+14,1.132E+14
W2da0aabf83,Tamil nadu,Namakkal,Irumbapalam,11.2042,77.9917,1.11E+14,1.11215E+14
W214372bc69,Tamil nadu,Namakkal,K.naickanpatti,11.3333,78.2458,1.12E+14,1.12E+14
W9a67101825,Tamil nadu,Namakkal,Kalipatti,11.5167,78.0361,1.13E+14,1.131E+14
W12572cf928,Tamil nadu,Namakkal,Metala,11.5167,78.3417,1.13E+14,1.131E+14
Wd6dd8a55c2,Tamil nadu,Namakkal,Mohanur,11.0611,78.1417,1.10E+14,1.1034E+14
W77fa8672ef,Tamil nadu,Namakkal,Mohanur1,11.5125,78.1417,1.13E+14,1.13045E+14
W13f5009893,Tamil nadu,Namakkal,Nallur1,11.2667,77.8667,1.12E+14,1.116E+14
Wb5bb6261d8,Tamil nadu,Namakkal,Namakkal2,11.2167,78.1722,1.11E+14,1.113E+14
Wdb16aa28d8,Tamil nadu,Namakkal,Rasipuram1,11.4583,78.225,1.13E+14,1.1273E+14
Wf163519419,Tamil nadu,Namakkal,Singalanadu prm,11.4167,78.3,1.13E+14,1.125E+14
Wae2b6ec045,Tamil nadu,Namakkal,Solasiramani,11.25,77.9083,1.12E+14,1.115E+14
W16b31ce6ac,Tamil nadu,Namakkal,Thiruchengodu,11.3833,77.9083,1.12E+14,1.123E+14
Web741ed8bd,Tamil nadu,Namakkal,Vaiyappamalai,11.3333,78.0833,1.12E+14,1.12E+14
Wc5800be71c,Tamil nadu,Namakkal,Velur,11.1083,78.0033,1.11E+14,1.1063E+14
W068a7fc7c5,Tamil nadu,Namakkal,Vennandur,11.5125,78.0958,1.13E+14,1.13045E+14
Wb20e5acfcf,Tamil nadu,Nilgiris,Cherambadi,11.5125,76.275,1.13E+14,1.13045E+14
W05d4cd05e7,Tamil nadu,Nilgiris,Mullur,11.3583,76.9083,1.12E+14,1.1213E+14
W174ecef278,Tamil nadu,Nilgiris,Pandalur,11.4778,76.3472,1.13E+14,1.1284E+14
W12c58d3601,Tamil nadu,Nilgiris,Pykara,11.4667,76.6125,1.13E+14,1.128E+14
W18ec5dbe71,Tamil nadu,Nilgiris,Udhagamandalam,11.3972,76.7,1.12E+14,1.1235E+14
Wf20e635d1c,Tamil nadu,Nilgiris,Wellington,11.3833,76.8083,1.12E+14,1.123E+14
W5fb8fa38fe,Tamil nadu,Perambalur,Ammapalayam,11.2153,78.7472,1.11E+14,1.11255E+14
W5da8c3b0cd,Tamil nadu,Perambalur,Kunnam,11.2306,79.025,1.11E+14,1.1135E+14
W887176072e,Tamil nadu,Perambalur,Kurumbalur,11.2347,78.8014,1.11E+14,1.11405E+14
W133b2f95e5,Tamil nadu,Perambalur,Perambalur2,11.2333,78.875,1.11E+14,1.114E+14
Wd55ff44df3,Tamil nadu,Perambalur,Ranjankudi,11.2583,78.9417,1.12E+14,1.1153E+14
W083fa264b2,Tamil nadu,Pudukkottai,Adanakottai,10.5306,78.9667,1.03E+14,1.0315E+14
Wf957749eb3,Tamil nadu,Pudukkottai,Arantangi,10.1667,78.9958,1.01E+14,1.01E+14
W34c5e894bb,Tamil nadu,Pudukkottai,Avudaiyarkoil1,10.075,79.0336,1.00E+14,1.0043E+14
Wb53773ba71,Tamil nadu,Pudukkottai,Erachi,10.2306,78.9678,1.01E+14,1.0135E+14
Wc54bace8dd,Tamil nadu,Pudukkottai,Gandharvakottai1,10.5736,79.0167,1.03E+14,1.03425E+14
W524bfe2bd5,Tamil nadu,Pudukkottai,Manamelkudi1,10.0389,79.2333,1.00E+14,1.0022E+14
Wf3db1b8bcb,Tamil nadu,Pudukkottai,Nakkudi1,10.1656,79.125,1.01E+14,1.00956E+14
W09ea696cec,Tamil nadu,Pudukkottai,Pudukkottai,10.3861,78.8042,1.02E+14,1.0231E+14
W0fc1f2fe52,Tamil nadu,Pudukkottai,Thirumayam1,10.2333,78.7458,1.01E+14,1.014E+14
W76f628187e,Tamil nadu,Pudukkottai,Valathirakkotai,10.3333,78.8625,1.02E+14,1.02E+14
W367183d491,Tamil nadu,Salem,Athur,11.5917,78.5861,1.14E+14,1.1353E+14
W56b79c93f0,Tamil nadu,Salem,Attur fire st.,11.6,78.6083,1.14E+14,1.136E+14
W90d3b899de,Tamil nadu,Salem,Kulathur,11.8472,77.7472,1.15E+14,1.1505E+14
W9ed8519755,Tamil nadu,Salem,Kullampatti,11.5833,77.7917,1.14E+14,1.135E+14
W96d183feb2,Tamil nadu,Salem,Nangavalli,11.7583,77.8958,1.15E+14,1.1453E+14
W0a95e84a69,Tamil nadu,Salem,P.n.palayam1,11.6472,78.5125,1.14E+14,1.1385E+14
W86b2f6c75a,Tamil nadu,Salem,Sendarpatti,11.4375,78.5,1.13E+14,1.12615E+14
W75900daf48,Tamil nadu,Salem,Veraganur,11.475,78.7375,1.13E+14,1.1283E+14
W1e17e4b223,Tamil nadu,Salem,Yercaud,11.7833,78.2111,1.15E+14,1.147E+14
Wd82dd81b1b,Tamil nadu,Sivaganga,Chettinadu,10.1625,78.7792,1.01E+14,1.00945E+14
Wcf903f7318,Tamil nadu,Sivaganga,Tirupathur1,10.1583,78.575,1.01E+14,1.0093E+14
W293a33a681,Tamil nadu,Thanjavur,Lower anaicut,11.125,79.4542,1.11E+14,1.1073E+14
Wcce6d605a5,Tamil nadu,Thanjavur,Melvastrachavdi,10.7347,79.1042,1.04E+14,1.04405E+14
Wf780283ef3,Tamil nadu,Thanjavur,Papanasam,10.925,79.275,1.06E+14,1.0553E+14
Wdc605ae48e,Tamil nadu,Tiruchirappalli,Chattirapatti,10.7417,78.5833,1.04E+14,1.0443E+14
Wa284a2ce91,Tamil nadu,Tiruchirappalli,Pullambadi1,10.9417,78.9125,1.06E+14,1.0563E+14
Wdcd62d88a0,Tamil nadu,Tiruchirappalli,Siruganur,11.0014,78.725,1.10E+14,1.10005E+14
W61077f272a,Tamil nadu,Tiruchirappalli,Thathayangarpet,11.1208,78.4542,1.11E+14,1.10715E+14
Wc0b1abbfbf,Tamil nadu,Tiruchirappalli,Thurayur1,11.1444,78.6,1.11E+14,1.1084E+14
W1c6c728969,Tamil nadu,Tiruchirappalli,Thuvakkudi,10.75,78.825,1.05E+14,1.045E+14
We118e93862,Tamil nadu,Tiruchirappalli,Tottiyam,10.9917,78.3353,1.06E+14,1.0593E+14
W858861f64b,Tamil nadu,Tiruchirappalli,Tumbalam,11.0306,78.4328,1.10E+14,1.1015E+14
W5ebd2e7efa,Tamil nadu,Tiruppur,Avinashi1,11.1847,77.275,1.11E+14,1.11105E+14
W577d9e25e3,Tamil nadu,Tiruppur,Kaniyur,10.6083,77.3833,1.04E+14,1.0363E+14
W07ac062def,Tamil nadu,Tiruppur,Karamadai,11.2458,77.2125,1.11E+14,1.11445E+14
W2864d1a300,Tamil nadu,Tiruppur,Karattoluvu,10.6236,77.375,1.04E+14,1.03725E+14
Wb2cb6f8174,Tamil nadu,Tiruppur,Kettanur,10.9153,77.2611,1.05E+14,1.05455E+14
Wb81c162c41,Tamil nadu,Tiruppur,Kumaralingam,10.4917,77.35,1.03E+14,1.0293E+14
Wbb57f7c101,Tamil nadu,Tiruppur,Kumaralingam1,10.4833,77.3667,1.03E+14,1.029E+14
Wd893811439,Tamil nadu,Tiruppur,Nachipalayam,11.0833,77.4458,1.11E+14,1.105E+14
Wb59b060154,Tamil nadu,Tiruppur,Nachipalayam1,11.0806,77.4528,1.10E+14,1.1045E+14
Wdfa7de9e12,Tamil nadu,Tiruppur,Palladam2,10.9917,77.2806,1.06E+14,1.0593E+14
W0cd3e58bae,Tamil nadu,Tiruppur,Udumalpet1,10.5833,77.2472,1.04E+14,1.035E+14
W5c4e607daa,Tamil nadu,Tiruvallur,Padiyanallur,13.2042,80.1792,1.31E+14,1.31215E+14
W31bbaf9920,Tamil nadu,Tiruvallur,Tirumazhisai,13.0625,80.0625,1.30E+14,1.30345E+14
Wee334b1727,Tamil nadu,Tiruvallur,Tiruttani,13.1875,79.6083,1.31E+14,1.31115E+14
Wd5be2641d9,Tamil nadu,Tiruvannamalai,Anandavadi,12.2583,78.6625,1.22E+14,1.2153E+14
W12259ec7d8,Tamil nadu,Tiruvannamalai,Chetpet1,12.4611,79.3583,1.23E+14,1.2274E+14
W570750ebc9,Tamil nadu,Tiruvannamalai,Chetput,12.4667,79.3333,1.23E+14,1.228E+14
W9281331b48,Tamil nadu,Tiruvannamalai,Cheyyar2,12.6583,79.5333,1.24E+14,1.2393E+14
W78bd475f2b,Tamil nadu,Tiruvannamalai,Melravandavadi,12.2083,78.7083,1.21E+14,1.2123E+14
W4536eebee8,Tamil nadu,Tiruvannamalai,Mullandram,12.7667,79.2667,1.25E+14,1.246E+14
Wec317a6667,Tamil nadu,Tiruvannamalai,Thanipadi,12.1083,78.8375,1.21E+14,1.2063E+14
W9e8bc86e7f,Tamil nadu,Tiruvannamalai,Vandavasi1,12.5022,79.6056,1.23E+14,1.23008E+14
W1147e86baf,Tamil nadu,Vellore,Alankuppam,12.4625,78.4667,1.23E+14,1.22745E+14
W24c66fa2e2,Tamil nadu,Vellore,Arcot2,12.9,79.325,1.25E+14,1.254E+14
W2bbf95a19a,Tamil nadu,Vellore,Avarakarai,12.9625,79.2875,1.26E+14,1.25745E+14
We333216f5b,Tamil nadu,Vellore,Kandili,12.4778,78.4556,1.23E+14,1.2284E+14
W2b12535a18,Tamil nadu,Vellore,Kavalur,12.5778,78.8125,1.23E+14,1.2344E+14
Wc8fecfd653,Tamil nadu,Vellore,Kv kuppam,12.9611,78.98,1.26E+14,1.2574E+14
W8c30e12c41,Tamil nadu,Vellore,Lalpet,12.9917,79.3083,1.26E+14,1.2593E+14
W3b8e66f3e6,Tamil nadu,Vellore,Palligonda,12.9,78.9458,1.25E+14,1.254E+14
W9680198b00,Tamil nadu,Vellore,Perambattu,12.3722,78.5889,1.22E+14,1.2222E+14
W0cada56e26,Tamil nadu,Vellore,Ranipet1,12.9292,79.3417,1.26E+14,1.25545E+14
Wbccb9e79f0,Tamil nadu,Vellore,Sholingar1,13.1,79.4333,1.31E+14,1.306E+14
W32f47e8aec,Tamil nadu,Viluppuram,Brammadesam,12.1958,79.7667,1.21E+14,1.21145E+14
W5b9c0bd008,Tamil nadu,Viluppuram,Chinnasalem,11.6342,78.8764,1.14E+14,1.13803E+14
W675cfb517f,Tamil nadu,Viluppuram,Chinnasalem1,11.625,78.95,1.14E+14,1.1373E+14
W4f2ceaa560,Tamil nadu,Viluppuram,Gingee1,12.25,79.4167,1.22E+14,1.215E+14
W986504712f,Tamil nadu,Viluppuram,Gingee2,12.2522,79.4167,1.22E+14,1.21508E+14
Wfdafbc1d0f,Tamil nadu,Viluppuram,Kacharapalayam,11.7672,78.87,1.15E+14,1.14602E+14
Waa45d2b6e6,Tamil nadu,Viluppuram,Kallakurichi1,11.7417,78.9667,1.14E+14,1.1443E+14
Wa16995045f,Tamil nadu,Viluppuram,Mambazhapattu,11.975,79.1333,1.16E+14,1.1583E+14
W2f5af126f9,Tamil nadu,Viluppuram,Pidagam,11.7167,79.1792,1.14E+14,1.143E+14
W177bf6b47b,Tamil nadu,Viluppuram,Rishivandiyam,11.8,79.0917,1.15E+14,1.148E+14
Wcc9ae0d741,Tamil nadu,Viluppuram,Tirukkoilur1,11.9583,79.2167,1.16E+14,1.1573E+14
W411261f2ed,Tamil nadu,Viluppuram,Tyagadurgam,11.7306,79.0917,1.14E+14,1.1435E+14
Wbb62607bc1,Tamil nadu,Viluppuram,Ulundurpet1,11.6611,79.2944,1.14E+14,1.1394E+14
W095c99b026,Odisha,Anugul,Angul1,20.8389,85.0994,2.05E+14,2.0502E+14
W7343845ff8,Odisha,Anugul,Bagharia,21.1069,84.8158,2.11E+14,2.10625E+14
W378059b750,Odisha,Anugul,Banarpal1,20.8417,85.2161,2.05E+14,2.0503E+14
W73cacd7d7d,Odisha,Anugul,Barhabahal,20.755,85.1,2.05E+14,2.04518E+14
W4ea0193452,Odisha,Anugul,Chendipada1,21.0817,84.8717,2.10E+14,2.10454E+14
W07db010ddc,Odisha,Anugul,Jharpada,20.8764,84.8819,2.05E+14,2.05235E+14
W8530cc7d6f,Odisha,Anugul,Kosala1,21.0075,84.9489,2.10E+14,2.10027E+14
W3c15dedb03,Odisha,Anugul,Kuio,20.8908,85.0811,2.05E+14,2.05327E+14
Wb40345ee8b,Odisha,Anugul,Kukurang,20.8972,85.1483,2.05E+14,2.0535E+14
W5fd9b7460e,Odisha,Anugul,Mahidharpur,20.6875,85.1856,2.04E+14,2.04115E+14
Wd42164cc97,Odisha,Anugul,Nisa,20.9264,85.0042,2.06E+14,2.05535E+14
W134873592f,Odisha,Anugul,Panchmahala,20.8228,85.0592,2.05E+14,2.04922E+14
Wd1b36307c4,Odisha,Anugul,Purnakot,20.6458,84.8361,2.04E+14,2.03845E+14
W65369f3451,Odisha,Anugul,Samal,21.0722,85.1417,2.10E+14,2.1042E+14
W60f570674f,Odisha,Anugul,Tentulai,20.9194,85.1731,2.06E+14,2.0551E+14
W45bd848534,Odisha,Anugul,Tulsipal,20.8036,85.1867,2.05E+14,2.04813E+14
Wa0d9b744fb,Odisha,Balangir,Bongamunda,20.3406,82.9097,2.02E+14,2.02026E+14
W7374b6a091,Odisha,Balangir,Churapali,20.7167,83.2833,2.04E+14,2.043E+14
W4076cd8286,Odisha,Balangir,Dhumamara,20.7139,83.4408,2.04E+14,2.0425E+14
W12975c427b,Odisha,Balangir,Dumerbahal,20.745,83.6236,2.04E+14,2.04442E+14
W1fd90e4f73,Odisha,Balangir,Gaintala,20.7236,83.5264,2.04E+14,2.04325E+14
W4130b4994a,Odisha,Balangir,Haladia,20.3425,83.045,2.02E+14,2.02033E+14
W4f8258addc,Odisha,Balangir,Jogisurda,20.8783,83.5528,2.05E+14,2.05242E+14
Wfb7ee125cd,Odisha,Balangir,Randa,20.7292,83.5633,2.04E+14,2.04345E+14
W082c2b260b,Odisha,Balangir,Salebhata,20.9708,83.5408,2.06E+14,2.05815E+14
W006cbe0f0a,Odisha,Bargarh,Bhukta,21.5847,83.4153,2.14E+14,2.13505E+14
Wade5058d97,Odisha,Bargarh,Jamurda,21.3722,83.6625,2.12E+14,2.1222E+14
W0a5d9cb868,Odisha,Bargarh,Khutlipalli,21.2589,83.87,2.12E+14,2.11532E+14
Wc167b0f1d6,Odisha,Bargarh,Kumbhari,21.2069,83.6478,2.11E+14,2.11225E+14
Wfefeef418f,Odisha,Bargarh,Lenda,21.2222,83.5944,2.11E+14,2.1132E+14
W17292b6687,Odisha,Bargarh,Patrapalli,21.3069,83.7653,2.12E+14,2.11825E+14
Wc277a8b9dc,Odisha,Bargarh,Sikirdi,21.1597,83.6264,2.11E+14,2.10935E+14
W4072ef8cdd,Odisha,Baudh,Adenegarh,20.4856,84.4689,2.03E+14,2.02908E+14
W736fefd5a7,Odisha,Baudh,Ainlapali,20.8067,84.0958,2.05E+14,2.04824E+14
W2d6bcca396,Odisha,Baudh,Boudh,20.8375,84.325,2.05E+14,2.05015E+14
W1416bbf83e,Odisha,Baudh,Kantamal,20.6422,83.7411,2.04E+14,2.03832E+14
Wf1e07b1a11,Odisha,Baudh,Manamunda,20.8286,83.9294,2.05E+14,2.04943E+14
Wf2101a5409,Odisha,Baudh,Purnakatak1,20.6256,84.4272,2.04E+14,2.03732E+14
W30924bfba9,Odisha,Baudh,Telibandha,20.8511,84.1942,2.05E+14,2.05104E+14
W64325db3a7,Odisha,Cuttack,Abhimanpur,20.4444,85.4375,2.03E+14,2.0264E+14
W4087d91b8e,Odisha,Cuttack,Baramba,20.4175,85.3458,2.03E+14,2.02503E+14
W286620393d,Odisha,Cuttack,Kanapur,20.4056,85.1833,2.02E+14,2.0242E+14
Wef8f55ba46,Odisha,Cuttack,Khuntuni,20.5686,85.7306,2.03E+14,2.03407E+14
W31ef34deac,Odisha,Cuttack,Madhab,20.0792,86.1028,2.00E+14,2.00445E+14
W9cd8ca3583,Odisha,Dhenkanal,Bandhnuagaon,20.7117,85.6972,2.04E+14,2.04242E+14
We5ee0f62cf,Odisha,Dhenkanal,Bhapur2,20.5625,85.4931,2.03E+14,2.03345E+14
Wd23674d88f,Odisha,Dhenkanal,Dhenkanal,20.6539,85.5989,2.04E+14,2.03914E+14
Wda365aa431,Odisha,Dhenkanal,Gangutia,20.7175,85.5617,2.04E+14,2.04303E+14
Wc17e186e22,Odisha,Dhenkanal,Hatwari,20.9097,85.6333,2.05E+14,2.05435E+14
We13cc20911,Odisha,Dhenkanal,Joranda,20.7792,85.725,2.05E+14,2.04645E+14
W77af3d457b,Odisha,Dhenkanal,Karanda,20.7156,85.3378,2.04E+14,2.04256E+14
Wc76964cb14,Odisha,Dhenkanal,Mathakaragola,20.9003,85.6864,2.05E+14,2.05401E+14
Wb1cc69db0e,Odisha,Dhenkanal,Parjang1,20.9217,85.3181,2.06E+14,2.05518E+14
Wb1b8ab1c50,Odisha,Dhenkanal,Rasol,20.6319,85.3172,2.04E+14,2.03755E+14
Wc0980143de,Odisha,Dhenkanal,Sading,20.8083,85.8383,2.05E+14,2.0483E+14
Wbf32ed7a73,Odisha,Dhenkanal,Samole,20.9153,85.7986,2.05E+14,2.05455E+14
We44cb8a99a,Odisha,Gajapati,Kattalakanita,18.8106,84.1428,1.85E+14,1.84838E+14
W84b04704da,Odisha,Gajapati,Mohana,19.4383,84.2683,1.93E+14,1.92618E+14
W27d3a6e757,Odisha,Gajapati,Narayanpur,18.8736,84.1919,1.85E+14,1.85225E+14
W73c9658a40,Odisha,Gajapati,Parlakhemundi,18.7708,84.1042,1.85E+14,1.84615E+14
W4bac189d8e,Odisha,Gajapati,Raygarh,18.8875,84.1611,1.85E+14,1.85315E+14
W78274b8ec9,Odisha,Ganjam,Badakhandi,19.4222,84.7372,1.93E+14,1.9252E+14
W8d992ab111,Odisha,Ganjam,Balipadar,19.7356,84.7106,1.94E+14,1.94408E+14
Wfd8405e2a6,Odisha,Ganjam,Chatrapur1,19.355,84.9789,1.92E+14,1.92118E+14
W70f5be1f42,Odisha,Ganjam,Dharkote,19.6417,84.5792,1.94E+14,1.9383E+14
Wf26aa6c4a9,Odisha,Ganjam,Dumdumi,19.2225,84.8067,1.91E+14,1.91321E+14
W9b7818f483,Odisha,Ganjam,Gobara,19.8264,84.6,1.95E+14,1.94935E+14
W250814ba51,Odisha,Ganjam,Govindpur1,19.3444,84.9019,1.92E+14,1.9204E+14
W7a35d45c74,Odisha,Ganjam,Jarada1,19.075,84.5067,1.90E+14,1.9043E+14
Wfaca710152,Odisha,Ganjam,Kalamb,19.7508,84.7044,1.95E+14,1.94503E+14
W98a7abee7d,Odisha,Ganjam,Kanakia,19.2422,84.7094,1.91E+14,1.91432E+14
W51eb542e5c,Odisha,Ganjam,Khalikot,19.6097,85.0883,1.94E+14,1.93635E+14
W4275547667,Odisha,Ganjam,Khandrabali,19.7192,84.6408,1.94E+14,1.94309E+14
W3fe9a0ec73,Odisha,Ganjam,Mujhagarh,20.0167,84.5172,2.00E+14,2.001E+14
W56403c7fb0,Odisha,Ganjam,Narendrapur,19.335,84.8694,1.92E+14,1.92006E+14
W16a9f386a8,Odisha,Ganjam,Nuapalli,19.4617,84.8875,1.93E+14,1.92742E+14
Wc1468dc30e,Odisha,Ganjam,Patrapur1,19.1283,84.5772,1.91E+14,1.90742E+14
W795f1fdc9e,Odisha,Ganjam,Purusatampur,19.5117,84.8756,1.93E+14,1.93042E+14
Wd79ea244c7,Odisha,Ganjam,Ratanpur,19.3539,84.7708,1.92E+14,1.92114E+14
W502ec18733,Odisha,Ganjam,Tarasingi,20.0922,84.6878,2.01E+14,2.00532E+14
W4d0ac25aae,Odisha,Jagatsinghapur,Kanakpur,20.2833,86.3,2.02E+14,2.017E+14
Wa1ba3eb310,Odisha,Jajapur,Kabatabandha,20.8722,86.025,2.05E+14,2.0522E+14
W977b4473fc,Odisha,Jajapur,Madhupurgarh,20.7842,86.0958,2.05E+14,2.04703E+14
Wbcd956fcdd,Odisha,Jharsuguda,Brajrajnagar,21.8194,83.9319,2.15E+14,2.1491E+14
Wcc3e1f08d3,Odisha,Jharsuguda,Lakhanpur,21.7611,83.7736,2.15E+14,2.1454E+14
Wd1a68e52c6,Odisha,Kalahandi,Badbasul,19.8356,82.8375,1.95E+14,1.95008E+14
W4df2094402,Odisha,Kalahandi,Bawanipatna,19.9081,83.1592,1.95E+14,1.95429E+14
W2b521a8d81,Odisha,Kalahandi,Bijamara,19.5583,82.82,1.93E+14,1.9333E+14
Wb0dc6ab54c,Odisha,Kalahandi,Dalguma,19.8167,83.1208,1.95E+14,1.949E+14
Wa802b680ad,Odisha,Kalahandi,Kalampur,19.6222,82.8833,1.94E+14,1.9372E+14
W7b6acde09b,Odisha,Kalahandi,M-rampur,20.1972,83.525,2.01E+14,2.0115E+14
Wfc96a59345,Odisha,Kalahandi,Risida,20.4014,83.4728,2.02E+14,2.02405E+14
W6b13daae06,Odisha,Kendujhar,Barpada,21.1194,86.1167,2.11E+14,2.1071E+14
W2495ddd6da,Odisha,Kendujhar,Baxibarigan,21.5,85.65,2.13E+14,2.13E+14
W9950f77eb7,Odisha,Kendujhar,Ghasipur,21.2111,86.1208,2.11E+14,2.1124E+14
W91df93c2f7,Odisha,Kendujhar,Gopalpur2,21.5653,85.705,2.13E+14,2.13355E+14
W468f3d20c9,Odisha,Kendujhar,Jaymangalpur,22.0389,85.575,2.20E+14,2.2022E+14
Waa3ff028fb,Odisha,Kendujhar,Kanjipani,21.4994,85.4764,2.13E+14,2.12958E+14
W76426a475c,Odisha,Kendujhar,Kesurdapal,21.1689,86.0036,2.11E+14,2.11008E+14
W6106a4b3e0,Odisha,Kendujhar,Kothaghar,21.5917,85.9611,2.14E+14,2.1353E+14
W429d521a0e,Odisha,Kendujhar,Padampur2,21.7306,85.5875,2.14E+14,2.1435E+14
W5f3b63de81,Odisha,Kendujhar,Padang,21.2667,85.4833,2.12E+14,2.116E+14
W862f0fa489,Odisha,Kendujhar,Suakati,21.6069,85.5222,2.14E+14,2.13625E+14
W11415534ad,Odisha,Kendujhar,Swampatna,21.6383,85.9006,2.14E+14,2.13818E+14
Wd15a887b44,Odisha,Khordha,Balipatna,20.205,85.9636,2.01E+14,2.01218E+14
W58c3ea9939,Odisha,Khordha,Bhubaneswar-i,20.2842,85.8494,2.02E+14,2.01703E+14
W640b3deac8,Odisha,Khordha,Bhusundapur,19.9528,85.4806,1.96E+14,1.9571E+14
Wd86adbce45,Odisha,Khordha,Bolagarh,20.1708,85.2778,2.01E+14,2.01015E+14
Wc07ae86f4e,Odisha,Khordha,Nirakarpur,19.9939,85.54,1.96E+14,1.95938E+14
Wfc4420c06d,Odisha,Khordha,Tangi2,19.9253,85.3978,1.96E+14,1.95531E+14
W0b69f59764,Odisha,Koraput,Anta,18.8653,82.5222,1.85E+14,1.85155E+14
W797ea0c724,Odisha,Koraput,Baipariguda,18.7583,82.4383,1.85E+14,1.8453E+14
W77d11f5d99,Odisha,Koraput,Bajiguda,19.04,82.3703,1.90E+14,1.90224E+14
W545588de08,Odisha,Koraput,Bijapur,19.0725,82.5253,1.90E+14,1.90421E+14
W54bbddc79a,Odisha,Koraput,C.kusimi-i,19.0242,82.4306,1.90E+14,1.90127E+14
W059f3bb85e,Odisha,Koraput,Chandli,19.0861,82.2403,1.91E+14,1.9051E+14
Wa8ec4e1871,Odisha,Koraput,Dhaulapur,18.7744,82.3253,1.85E+14,1.84628E+14
W285b090d41,Odisha,Koraput,Ghatarala,19.0239,82.4,1.90E+14,1.90126E+14
W326536da01,Odisha,Koraput,Gumur,19.1003,82.3403,1.91E+14,1.90601E+14
W8bbd3d4f7d,Odisha,Koraput,Jeypore1,18.8528,82.5814,1.85E+14,1.8511E+14
We54fe4ac9b,Odisha,Koraput,Jujari,19.1533,82.5778,1.91E+14,1.90912E+14
Wa31114a21e,Odisha,Koraput,Kakriguma,18.9225,83.0094,1.86E+14,1.85521E+14
W7f39cbf7d4,Odisha,Koraput,Koraput-i,18.8119,82.7217,1.85E+14,1.84843E+14
W87d1b21b45,Odisha,Koraput,Kotpad,19.1417,82.2722,1.91E+14,1.9083E+14
W1a30acc46f,Odisha,Koraput,Nandapur,18.5333,82.7417,1.83E+14,1.832E+14
W74d3d65cfa,Odisha,Koraput,Patraput,18.7728,82.5278,1.85E+14,1.84622E+14
W1d0264cff1,Odisha,Koraput,Potangi,18.5633,82.9617,1.83E+14,1.83348E+14
Wa9a4e6864e,Odisha,Koraput,Sasanhandi-ii,19.1089,82.4739,1.91E+14,1.90632E+14
Wf40d6252fe,Odisha,Malkangiri,Balimela,18.2522,82.1042,1.82E+14,1.81508E+14
W46e621c960,Odisha,Mayurbhanj,Amarda village,21.7917,87.1311,2.15E+14,2.1473E+14
Webb70d2385,Odisha,Mayurbhanj,Badasahi,21.7264,86.7417,2.14E+14,2.14335E+14
W8f13fd75c3,Odisha,Mayurbhanj,Bangriposi,22.1569,86.5306,2.21E+14,2.20925E+14
W14193cce3c,Odisha,Mayurbhanj,Belam,21.8333,86.7083,2.15E+14,2.15E+14
Wb45c14b78f,Odisha,Mayurbhanj,Bisoi,22.1625,86.4069,2.21E+14,2.20945E+14
Wcb0631fa2d,Odisha,Mayurbhanj,Brundabanchan,21.6347,86.5917,2.14E+14,2.13805E+14
W628d514b69,Odisha,Mayurbhanj,Chitrada,21.8542,86.9528,2.15E+14,2.15115E+14
W1e5d619261,Odisha,Mayurbhanj,Jharpokhari,22.1819,86.6486,2.21E+14,2.21055E+14
Wca360c5f42,Odisha,Mayurbhanj,Kendujani,21.635,86.1083,2.14E+14,2.13806E+14
W1c67a9858e,Odisha,Mayurbhanj,Kendumundi,21.6869,86.1061,2.14E+14,2.14113E+14
W4c342f3246,Odisha,Mayurbhanj,Khunta,21.7119,86.6261,2.14E+14,2.14243E+14
W3ef3823715,Odisha,Mayurbhanj,Naujara,22.2044,86.1333,2.21E+14,2.21216E+14
W014c49182d,Odisha,Mayurbhanj,Pithabata,21.9319,86.5889,2.16E+14,2.15555E+14
Wa707cfde4b,Odisha,Mayurbhanj,Poradiha,21.55,86.4667,2.13E+14,2.133E+14
Wa0200ac704,Odisha,Mayurbhanj,Satkosia,21.3578,86.1478,2.12E+14,2.12128E+14
W163e5b0b33,Odisha,Mayurbhanj,Sullyapada,22.0217,86.9536,2.20E+14,2.20118E+14
Wb4899904e7,Odisha,Mayurbhanj,Tato,21.8439,86.0181,2.15E+14,2.15038E+14
Waab39af7b0,Odisha,Nabarangapur,Debugaon,19.4528,82.4083,1.93E+14,1.9271E+14
Wa78d718f6f,Odisha,Nabarangapur,Kodinga,19.3033,82.3458,1.92E+14,1.91812E+14
W2ff09c508e,Odisha,Nayagarh,Banigocha,20.3953,84.5894,2.02E+14,2.02343E+14
W3dcaf72e7d,Odisha,Nayagarh,Kandapara,20.265,85.175,2.02E+14,2.01554E+14
W1819eb1456,Odisha,Nayagarh,Mahipur,20.1639,84.9972,2.01E+14,2.0095E+14
W6dc886a8e5,Odisha,Nayagarh,Nuagaon1,20.2528,84.9728,2.02E+14,2.0151E+14
W3a58e2b156,Odisha,Nayagarh,Odagaon,20.0217,84.9833,2.00E+14,2.00118E+14
We59f0d8660,Odisha,Nayagarh,Sarankul,20.0306,85.0967,2.00E+14,2.0015E+14
W82b49ede89,Odisha,Nayagarh,Subalaya,20.3172,84.9069,2.02E+14,2.01902E+14
W6cde4a2e86,Odisha,Nuapada,Sanmaheswar,20.3736,82.7008,2.02E+14,2.02225E+14
Wf86d3da180,Odisha,Puri,Algum,19.9494,85.7478,1.96E+14,1.95658E+14
W1fdee14e66,Odisha,Puri,Budhiabar,19.8089,85.7403,1.95E+14,1.94832E+14
W183b19a8dd,Odisha,Puri,Charichhak,20.0594,86.0858,2.00E+14,2.00334E+14
Wee447ed8a2,Odisha,Puri,Madrang,19.925,85.9917,1.96E+14,1.9553E+14
W4a6ff72272,Odisha,Puri,Nuasamsarpur,19.9542,85.7792,1.96E+14,1.95715E+14
W6f0f32a259,Odisha,Puri,Rebana nuagaon,19.7997,85.7031,1.95E+14,1.94759E+14
W0f6191bfb7,Odisha,Puri,Tikarpara1,19.94,86.1825,1.96E+14,1.95624E+14
W8a17ceb12c,Odisha,Rayagada,Gumma,19.1944,83.2883,1.91E+14,1.9114E+14
W4c457586c8,Odisha,Rayagada,Gunupur1,19.0794,83.8117,1.90E+14,1.90446E+14
Wec84884078,Odisha,Rayagada,Narainpur,19.3611,83.9667,1.92E+14,1.9214E+14
W83bf999336,Odisha,Rayagada,Padampur2,19.2408,83.8222,1.91E+14,1.91427E+14
W503b3f2fc2,Odisha,Rayagada,Shirikona,19.1756,83.3781,1.91E+14,1.91032E+14
Wdf30842210,Odisha,Sambalpur,Badsahir,21.3983,84.1322,2.12E+14,2.12354E+14
Wd6ae6f6ee9,Odisha,Sambalpur,Bamra,22.0506,84.2903,2.20E+14,2.20302E+14
W8c434b80ea,Odisha,Sambalpur,Dhama,21.2528,83.9278,2.12E+14,2.1151E+14
W687a2543e1,Odisha,Sambalpur,Hirakud,21.5306,83.8972,2.13E+14,2.1315E+14
We09298984a,Odisha,Sambalpur,Kesaibahal,21.9139,84.3875,2.15E+14,2.1545E+14
Wb0fa04d3c2,Odisha,Sambalpur,Kusumi,21.7647,84.5275,2.15E+14,2.14553E+14
Wd44b8a814b,Odisha,Sambalpur,Mochibahal,21.1708,84.1639,2.11E+14,2.11015E+14
W2692b7c3a9,Odisha,Sambalpur,Naktideol,21.2556,84.5406,2.12E+14,2.1152E+14
W47bea8087f,Odisha,Sambalpur,Nildungri,21.4583,84.1111,2.13E+14,2.1273E+14
W2f900e2bfa,Odisha,Sambalpur,Rengali,21.6319,84.0494,2.14E+14,2.13755E+14
Waaa4bd35ef,Odisha,Sambalpur,Rupapali,21.3806,83.8875,2.12E+14,2.1225E+14
W045053e2ef,Odisha,Sonapur,Danipali,21.0467,83.8,2.10E+14,2.10248E+14
W729581d0c3,Odisha,Sonapur,Mahadevpali,20.9272,83.795,2.06E+14,2.05538E+14
Wdda65319b8,Odisha,Sonapur,Sonepur,20.8522,83.9042,2.05E+14,2.05108E+14
W147ee9ce38,Odisha,Sundargarh,Alikera,22.1931,84.0181,2.21E+14,2.21135E+14
Wde7a754a3b,Odisha,Sundargarh,Birmitrapur,22.4103,84.7311,2.22E+14,2.22437E+14
Wedaf866b62,Odisha,Sundargarh,Himgiri,21.9444,83.7014,2.16E+14,2.1564E+14
Wb379fbd99a,Odisha,Sundargarh,Karamdihi,22.1528,84.1039,2.21E+14,2.2091E+14
Wda273f82e7,Odisha,Sundargarh,Kinjrikela,22.2778,83.9472,2.22E+14,2.2164E+14
W0cb1918536,Odisha,Sundargarh,Kuarmunda,22.2833,84.7708,2.22E+14,2.217E+14
Wf9645a8bbe,Odisha,Sundargarh,Lefripada,22.1161,83.8194,2.21E+14,2.20658E+14
Waace8d0ebf,Odisha,Sundargarh,Rangiamunda,22.1042,83.9583,2.21E+14,2.20615E+14
W3acb1986b5,Odisha,Sundargarh,Sabdega,22.2861,84.0944,2.22E+14,2.2171E+14
Wefd51fe154,Bihar,Araria,Araria,26.1375,87.4292,2.61E+14,2.60815E+14
W08313ae87a,Bihar,Aurangabad,Deo1,24.675,84.4542,2.44E+14,2.4403E+14
W2ca1dfd1a4,Bihar,Banka,Barahat,24.8833,87.0208,2.45E+14,2.453E+14
W03e3a0b55a,Bihar,Banka,Panjwara,24.8792,87.1333,2.45E+14,2.45245E+14
Wb6ea1896f4,Bihar,Begusarai,Bintoli,25.4228,86.4097,2.53E+14,2.52522E+14
W32e9ed6671,Bihar,Begusarai,Manjaul,25.5625,86.1458,2.53E+14,2.53345E+14
We7d340dc46,Bihar,Begusarai,Pokharia,25.41,86.2464,2.52E+14,2.52436E+14
W25326f557a,Bihar,Bhagalpur,Bhagalpur city,25.2292,86.9792,2.51E+14,2.51345E+14
W5927f2edc7,Bihar,Bhagalpur,Ghoga rly stn,25.2083,87.175,2.51E+14,2.5123E+14
Wf203e75a6c,Bihar,Bhagalpur,Shahkund db.ib,25.175,86.8125,2.51E+14,2.5103E+14
W82d8859d43,Bihar,Bhojpur,Chandawa,25.5625,84.6042,2.53E+14,2.53345E+14
Wa776339c5b,Bihar,Bhojpur,Udwantnagar,25.5083,84.625,2.53E+14,2.5303E+14
W899e2a7925,Bihar,Darbhanga,Darbhanga,26.1625,85.8958,2.61E+14,2.60945E+14
W87aee77a7a,Bihar,Gaya,Bodh gaya,24.7,84.9917,2.44E+14,2.442E+14
W14d0201f8f,Bihar,Jamui,Jamui,24.9267,86.1569,2.46E+14,2.45536E+14
W9ca1c64c72,Bihar,Jehanabad,Imamganj,25.2083,84.7667,2.51E+14,2.5123E+14
W281978cf9b,Bihar,Katihar,Korha,25.6125,87.4042,2.54E+14,2.53645E+14
W8a7d05ad1f,Bihar,Katihar,Kursela,25.4375,87.2417,2.53E+14,2.52615E+14
W3645c2e30a,Bihar,Khagaria,Jamalpur,25.4292,86.6417,2.53E+14,2.52545E+14
Wac0c57169d,Bihar,Khagaria,Khagaria,25.4917,86.475,2.53E+14,2.5293E+14
We106b61b2d,Bihar,Khagaria,Labhgaon,25.5,86.425,2.53E+14,2.53E+14
Wa37052d4fc,Bihar,Kishanganj,Kishanganj,26.0958,87.9375,2.61E+14,2.60545E+14
Weedd803db8,Bihar,Kishanganj,Thakurganj,26.4306,88.15,2.63E+14,2.6255E+14
W0560f59452,Bihar,Lakhisarai,Barhaiya,25.2125,86.0333,2.51E+14,2.51245E+14
W2bd918488a,Bihar,Madhepura,Madhepura,25.9292,86.875,2.56E+14,2.55545E+14
Wcc4b8b9585,Bihar,Madhubani,Jaynagar,26.575,86.1625,2.63E+14,2.6343E+14
W6fa2c5f827,Bihar,Munger,Jamalpur1,25.3208,86.4917,2.52E+14,2.51915E+14
W066effe340,Bihar,Munger,Rampur2,25.0264,86.6308,2.50E+14,2.50135E+14
W2e515bf115,Bihar,Munger,Singhiya chawk,25.2833,86.4169,2.52E+14,2.517E+14
W2293ceab48,Bihar,Munger,Tarapur,25.1,86.4958,2.51E+14,2.506E+14
W4bf2425479,Bihar,Muzaffarpur,Bochaha,26.1625,85.45,2.61E+14,2.60945E+14
W394ed40722,Bihar,Muzaffarpur,Dholi,25.925,85.5917,2.56E+14,2.5553E+14
Weeb75ec3a3,Bihar,Muzaffarpur,Muzaffarpur,26.1125,85.2958,2.61E+14,2.60645E+14
W0dc21cc2e5,Bihar,Nalanda,Biharsharif,25.2083,85.5125,2.51E+14,2.5123E+14
W803d370720,Bihar,Nalanda,Harnaut1,25.3753,85.5286,2.52E+14,2.52231E+14
We5aa1edefd,Bihar,Nalanda,Pawapuri,25.1,85.55,2.51E+14,2.506E+14
W4654278498,Bihar,Nawada,Hisua,24.8292,85.6708,2.45E+14,2.44945E+14
We15e2838d9,Bihar,Nawada,Tungi,24.8125,85.5667,2.45E+14,2.44845E+14
W0d72e5fc6d,Bihar,Patna,Bharatpura,25.3417,84.8625,2.52E+14,2.5203E+14
Wf9b0a9e45b,Bihar,Patna,Maner,25.6375,84.8875,2.54E+14,2.53815E+14
W3c63810d77,Bihar,Purnia,Purnia,25.775,87.5125,2.55E+14,2.5463E+14
Wf525df2599,Bihar,Saharsa,Potwaha,25.875,86.6292,2.55E+14,2.5523E+14
W3ca84499f1,Bihar,Samastipur,Dalsinghsarai,25.6708,85.7875,2.54E+14,2.54015E+14
Wb049ad1c14,Bihar,Saran,Ammi,25.7417,84.9625,2.54E+14,2.5443E+14
W52f293bb32,Bihar,Saran,Nagra,25.8258,84.7278,2.55E+14,2.54933E+14
W266bd0c8d3,Bihar,Saran,Nayagaon,25.7625,85.0875,2.55E+14,2.54545E+14
W2bb9c16666,Bihar,Sitamarhi,Thumba,26.4292,85.5042,2.63E+14,2.62545E+14
W3e4fc61599,Bihar,Siwan,Darauli,26.0792,84.1333,2.60E+14,2.60445E+14
Wff60a03af5,Bihar,Supaul,Bhimnagar,26.5167,87.0269,2.63E+14,2.631E+14
Wcc2c5842db,Bihar,Supaul,Norha,26.3389,86.8583,2.62E+14,2.6202E+14
W870a68f5dc,Bihar,Supaul,Pipra chowk,26.1569,86.7875,2.61E+14,2.60925E+14
W9ccf35aa58,Bihar,Supaul,Supaul,26.1208,86.6125,2.61E+14,2.60715E+14
Wb3a851008c,Bihar,Vaishali,Hajipur,25.7042,85.2292,2.54E+14,2.54215E+14
Wb62b4e2951,Bihar,Vaishali,Mahnar,25.6042,85.5167,2.54E+14,2.53615E+14
We9d991ad04,Bihar,Vaishali,Mahua1,25.825,85.4208,2.55E+14,2.5493E+14
Wbca219260c,Chhattisgarh,Balodabazar,Arjuni,21.6872,82.0608,BLZ-009-OW,BLZ-009-OW
W177aa873e8,Chhattisgarh,Balodabazar,Bhatapara,21.7297,81.9472,BLZ-007-OW,BLZ-007-OW
W640b0f0d86,Chhattisgarh,Balodabazar,Bitkuli,21.6631,82.2317,BLZ-012-OW(A),BLZ-012-OW(A)
W3aa191dba6,Chhattisgarh,Balodabazar,Damakheda,21.7047,81.7703,BLZ-003-OW,BLZ-003-OW
W69cbbd3567,Chhattisgarh,Balodabazar,Damru,21.725,82.2556,BLZ-014-OW,BLZ-014-OW
W83e521dddc,Chhattisgarh,Balodabazar,Katgi,21.6581,82.5169,BLZ-019-OW,BLZ-019-OW
W9f70244006,Chhattisgarh,Balodabazar,Kothari,21.4567,82.5253,BLZ-022-OW,BLZ-022-OW
Wbff2ba276e,Chhattisgarh,Balodabazar,Lawan,21.6389,82.3417,BLZ-013-OW,BLZ-013-OW
Wc3a9e9c4a0,Chhattisgarh,Balodabazar,Purgaon,21.6489,82.6431,BLZ-028-OW,BLZ-028-OW
Wa37819fe79,Chhattisgarh,Balodabazar,Rawan,21.3308,82.3669,BLZ-020-OW,BLZ-020-OW
W29e8f28199,Chhattisgarh,Balodabazar,Sandi,21.4547,82.0697,BLZ-016-OW,BLZ-016-OW
W568f6a0799,Chhattisgarh,Balodabazar,Simga,21.6364,81.7208,BLZ-001-OW,BLZ-001-OW
Wa948322fbb,Chhattisgarh,Bastar,Bastar,19.2014,81.9361,1.91E+14,1.91205E+14
Wf16de63e67,Chhattisgarh,Bastar,Bhanpuri-d,19.3325,81.8319,1.92E+14,1.91957E+14
W19fee98321,Chhattisgarh,Bastar,Bhanpuri,19.3306,81.8319,1.92E+14,1.9195E+14
Wb7a403f404,Chhattisgarh,Bastar,Joba,19.4361,81.7556,1.93E+14,1.9261E+14
W2f1f9b03c9,Chhattisgarh,Dhamtari,Chhati,20.7792,81.6667,2.05E+14,2.04645E+14
W85dc93f449,Chhattisgarh,Dhamtari,Dorgardula,20.4056,81.9111,2.02E+14,2.0242E+14
Waf9b1c3cf4,Chhattisgarh,Dhamtari,Keregaon,20.5486,81.7375,2.03E+14,2.03255E+14
Wae9ab4385b,Chhattisgarh,Dhamtari,Kondapar,21.0042,81.725,2.10E+14,2.10015E+14
W2c9f78df10,Chhattisgarh,Dhamtari,Marod,20.9028,81.6889,2.05E+14,2.0541E+14
W82da0702b1,Chhattisgarh,Dhamtari,Sankra,20.2931,81.9903,2.02E+14,2.01735E+14
W7466851b29,Chhattisgarh,Durg,Balod,20.7292,81.2,2.04E+14,2.04345E+14
W01096039b9,Chhattisgarh,Durg,Funda,21.0764,81.4833,2.10E+14,2.10435E+14
Wa66f7ab251,Chhattisgarh,Durg,Gurur,20.6833,81.4083,2.04E+14,2.041E+14
Wddeb552136,Chhattisgarh,Durg,Kumhari,21.2333,81.5333,2.11E+14,2.114E+14
Wc54c3a0463,Chhattisgarh,Durg,Markatola,20.5686,81.3811,2.03E+14,2.03407E+14
W6aac15d254,Chhattisgarh,Durg,Motipur,21.1667,81.5458,2.11E+14,2.11E+14
W29822d6926,Chhattisgarh,Durg,Patan,21.0333,81.55,2.10E+14,2.102E+14
Wc870036ec1,Chhattisgarh,Durg,Ravelidih,21.325,81.3375,2.12E+14,2.1193E+14
W882bcfad3e,Chhattisgarh,Durg,Sambalpur,20.8208,81.0572,2.05E+14,2.04915E+14
W8be2f65124,Chhattisgarh,Gariaband,Chhura,20.795,82.2222,GBN-004-OW,GBN-004-OW
W43c4231304,Chhattisgarh,Gariaband,Dhawalpur,20.3694,82.2528,GBN-009-OW,GBN-009-OW
W1bc749e97a,Chhattisgarh,Gariaband,Dhruwagudi,19.9922,82.4292,GBN-015-OW,GBN-015-OW
W9c76e5e307,Chhattisgarh,Gariaband,Fingeshwar,20.9667,82.0333,GBN-002-OW,GBN-002-OW
W9a495b64cd,Chhattisgarh,Gariaband,Gariaband,20.6153,82.0892,GBN-006-OW,GBN-006-OW
Wf25f235160,Chhattisgarh,Gariaband,Indagaon,20.075,82.3708,GBN-013-OW,GBN-013-OW
Wbd6b4b39a2,Chhattisgarh,Gariaband,Jheriabahara,20.2272,82.1944,GBN-011-OW,GBN-011-OW
Wf4952ed067,Chhattisgarh,Gariaband,Joba,20.4972,82.1375,GBN-008-OW,GBN-008-OW
Wc746231bef,Chhattisgarh,Gariaband,Mainpur,20.2706,82.2508,GBN-010-OW(A),GBN-010-OW(A)
W9358ade514,Chhattisgarh,Gariaband,Pond,20.7742,81.9517,GBN-003-OW,GBN-003-OW
Waabdc49a51,Chhattisgarh,Gariaband,Rajim,20.9583,81.8833,GBN-001-OW,GBN-001-OW
W31350eb37b,Chhattisgarh,Gariaband,Taurenga,20.1686,82.2536,GBN-012-OW,GBN-012-OW
W6b89716021,Chhattisgarh,Gaurella pendra marwahi,Keonchi,22.6208,81.7708,2.24E+14,2.23715E+14
W8ce6cd4227,Chhattisgarh,Gaurella pendra marwahi,Piparkhuti,22.6639,81.8833,2.24E+14,2.2395E+14
W56adc00cd3,Chhattisgarh,Gaurella pendra marwahi,Tikthi,23.0844,82.0694,2.31E+14,2.30504E+14
W8326cc3a0f,Chhattisgarh,Janjgir - champa,Akaltara,22.0264,82.4222,2.20E+14,2.20135E+14
Wf6497655c9,Chhattisgarh,Janjgir - champa,Champa,22.0353,82.6611,2.20E+14,2.20207E+14
Waa528c4c7e,Chhattisgarh,Janjgir - champa,Dabra,21.7833,83.0833,2.15E+14,2.147E+14
W9967007953,Chhattisgarh,Janjgir - champa,Dhardei,21.7972,82.525,2.15E+14,2.1475E+14
Wa6e176eddc,Chhattisgarh,Janjgir - champa,Ghoghari,21.7833,83.0097,2.15E+14,2.147E+14
Wdd76be86e4,Chhattisgarh,Janjgir - champa,Hasoud,21.7514,82.9125,2.15E+14,2.14505E+14
W9dac1706c8,Chhattisgarh,Janjgir - champa,Kera,21.7458,82.7111,2.14E+14,2.14445E+14
W73a9604d5f,Chhattisgarh,Janjgir - champa,Khartal,21.8,82.6667,2.15E+14,2.148E+14
Wdc66f3dd15,Chhattisgarh,Janjgir - champa,Pamgarh,21.8708,82.4528,2.15E+14,2.15215E+14
Wb28d05d0f8,Chhattisgarh,Janjgir - champa,Semra,21.8611,82.6333,2.15E+14,2.1514E+14
Wfdf1cce421,Chhattisgarh,Janjgir - champa,Seorinarayan,21.7333,82.5944,2.14E+14,2.144E+14
Wc08509141e,Chhattisgarh,Jashpur,Bagicha,22.9764,83.6542,2.26E+14,2.25835E+14
W7331052111,Chhattisgarh,Jashpur,Bandarchuwa,22.6861,83.8583,2.24E+14,2.2411E+14
Wc304fddd7f,Chhattisgarh,Jashpur,Jashpurnagar,22.8833,84.1389,2.25E+14,2.253E+14
W0afccc9464,Chhattisgarh,Jashpur,Kersai,22.6,83.9583,2.24E+14,2.236E+14
W87af36f698,Chhattisgarh,Jashpur,Kotba,22.4333,83.7403,2.23E+14,2.226E+14
W23d09a5a8e,Chhattisgarh,Jashpur,Kunjara,22.6653,83.9583,2.24E+14,2.23955E+14
W08b70b2fa9,Chhattisgarh,Jashpur,Lavakera,22.3847,83.9819,2.22E+14,2.22305E+14
W85ffd863ff,Chhattisgarh,Jashpur,Lavakera1,22.4042,83.825,2.22E+14,2.22415E+14
W7b39f62e82,Chhattisgarh,Jashpur,Ludeg,22.5542,83.6042,2.23E+14,2.23315E+14
W81c8bc31c4,Chhattisgarh,Jashpur,Muskuti,22.8625,83.675,2.25E+14,2.25145E+14
Web3f6101ae,Chhattisgarh,Jashpur,Pathalgaon,22.5547,83.4625,2.23E+14,2.23317E+14
W680ab4eed1,Chhattisgarh,Jashpur,Saraipani,22.7944,83.6694,2.25E+14,2.2474E+14
Waafc8c3b06,Chhattisgarh,Jashpur,Tapkara,22.5042,83.95,2.23E+14,2.23015E+14
W1fd86cf2c3,Chhattisgarh,Kabirdham,Chilpi,22.1667,81.0583,2.21E+14,2.21E+14
W5499c0fb3d,Chhattisgarh,Kabirdham,Lohara-d pz,21.8333,81.125,2.15E+14,2.15E+14
W556f0ab8d0,Chhattisgarh,Korba,Chaitama,22.4333,82.4333,2.23E+14,2.226E+14
Wd6bb1af8a7,Chhattisgarh,Korba,Gopalpur,22.4347,82.65,2.23E+14,2.22605E+14
We3970d2490,Chhattisgarh,Korba,Katghora,22.5083,82.5208,2.23E+14,2.2303E+14
W63c0143311,Chhattisgarh,Korba,Madai,22.7167,82.5292,2.24E+14,2.243E+14
W32343db0da,Chhattisgarh,Korba,Morga,22.7542,82.6472,2.25E+14,2.24515E+14
W313482e970,Chhattisgarh,Korba,Nagai,22.6667,82.3806,2.24E+14,2.24E+14
W3fe7d075cb,Chhattisgarh,Korba,Pali,22.3722,82.3222,2.22E+14,2.2222E+14
W810050d9f6,Chhattisgarh,Korba,Pasan,22.8417,82.2,2.25E+14,2.2503E+14
W9f12a32d80,Chhattisgarh,Korba,Tuman,22.575,82.4208,2.23E+14,2.2343E+14
W25d1482317,Chhattisgarh,Koriya,Baikunthpur,23.2583,82.55,2.32E+14,2.3153E+14
W00405c4c51,Chhattisgarh,Koriya,Belbehra,23.2911,82.265,2.32E+14,2.31728E+14
Wacc280e4b2,Chhattisgarh,Koriya,Khatgori,23.3708,82.5264,2.32E+14,2.32215E+14
Wa21fbdfed6,Chhattisgarh,Koriya,Mansukha,23.225,82.4917,2.31E+14,2.3133E+14
W0c873972d6,Chhattisgarh,Koriya,Pendri,23.3486,82.2556,2.32E+14,2.32055E+14
W1b8987d551,Chhattisgarh,Koriya,Sarbhoka,23.25,82.3583,2.32E+14,2.315E+14
W03df447c4b,Chhattisgarh,Koriya,Sonhat,23.4819,82.5189,2.33E+14,2.32855E+14
Wab417d3ec4,Chhattisgarh,Mahasamund,Bag bahera,21.0333,82.4083,2.10E+14,2.102E+14
W07fabd8b2d,Chhattisgarh,Mahasamund,Jagdishpur,21.3333,82.775,2.12E+14,2.12E+14
W8c9072da28,Chhattisgarh,Mahasamund,Suarmar,20.9694,82.4958,2.06E+14,2.0581E+14
Wa582918732,Chhattisgarh,Mahasamund,Tendukonda,21.1083,82.4708,2.11E+14,2.1063E+14
W9bb804ecc7,Chhattisgarh,Mahasamund,Tumgaon,21.1917,82.1208,2.11E+14,2.1113E+14
W7964052581,Chhattisgarh,Raigarh,Bakaruma,22.5125,83.4361,2.23E+14,2.23045E+14
W2ad1f3971d,Chhattisgarh,Raigarh,Barpali,22.3278,83.2667,2.22E+14,2.2194E+14
W3fb3bfb9f6,Chhattisgarh,Raigarh,Chimtapani,22.2722,83.4167,2.22E+14,2.2162E+14
W89252e6066,Chhattisgarh,Raigarh,Dharamjaigarh pz,22.4639,83.2125,2.23E+14,2.2275E+14
Wf1430ecea8,Chhattisgarh,Raigarh,Golabuda,22.6306,83.4042,2.24E+14,2.2375E+14
Wcd3e3c13dc,Chhattisgarh,Raigarh,Kapu,22.6708,83.3375,2.24E+14,2.24015E+14
Wc596aea639,Chhattisgarh,Raigarh,Kerajhar,21.9611,83.3042,2.16E+14,2.1574E+14
Wfc50a12d0e,Chhattisgarh,Raigarh,Kurekela,22.2042,83.1042,2.21E+14,2.21215E+14
W058634ce2a,Chhattisgarh,Raigarh,Tetla,21.7917,83.3292,2.15E+14,2.1473E+14
Wc825b64c44,Chhattisgarh,Raipur,Bajrangpur,20.9833,81.8111,2.06E+14,2.059E+14
Wea3cb73525,Chhattisgarh,Raipur,Baloda bazar,21.6556,82.1667,2.14E+14,2.1392E+14
Wb4dc88d7b7,Chhattisgarh,Raipur,Devpuri,21.2083,81.6778,2.11E+14,2.1123E+14
W7f2c2397fc,Chhattisgarh,Raipur,Dharsiwa,21.4083,81.6722,2.12E+14,2.1243E+14
Wb2546bbad4,Chhattisgarh,Raipur,Palari,21.5292,82.1625,2.13E+14,2.13145E+14
W88478518c2,Chhattisgarh,Raipur,Panduka,20.775,81.9458,2.05E+14,2.0463E+14
W8774eca220,Chhattisgarh,Raipur,Rajim,20.9667,81.8833,2.06E+14,2.058E+14
W433d5f0ea5,Chhattisgarh,Raipur,Sandi,21.45,82.075,2.13E+14,2.127E+14
W74ce11241d,Chhattisgarh,Raipur,Saragaon,21.3667,81.8069,2.12E+14,2.122E+14
We72f1f7b2f,Chhattisgarh,Raipur,Simga,21.625,81.7042,2.14E+14,2.1373E+14
Wcfda49ba9e,Chhattisgarh,Rajnandgaon,Khairagarh,21.4333,80.9708,2.13E+14,2.126E+14
Wfe86212b7e,Chhattisgarh,Rajnandgaon,Lal bhadurnagar,21.1,80.6861,2.11E+14,2.106E+14
Wfb69e852a0,Chhattisgarh,Rajnandgaon,Tappa,21.0764,80.8211,2.10E+14,2.10435E+14
We7139c9dbf,Chhattisgarh,Surguja,Bandana,22.8472,83.4139,2.25E+14,2.2505E+14
W65fed55151,Chhattisgarh,Surguja,Bhaiyathan,23.4042,82.8667,2.32E+14,2.32415E+14
W05efdf21a0,Chhattisgarh,Surguja,Bulga,23.1,83.3542,2.31E+14,2.306E+14
Wda7a21ffa9,Chhattisgarh,Surguja,Chandora,23.5111,83.1569,2.33E+14,2.3304E+14
Wc6c07331d9,Chhattisgarh,Surguja,Dandgaon,22.895,82.8569,2.25E+14,2.25342E+14
Wd3802bd41b,Chhattisgarh,Surguja,Ganeshpur,23.0806,82.6353,2.30E+14,2.3045E+14
W01373cce6f,Chhattisgarh,Surguja,Gonda,23.4292,83.0583,2.33E+14,2.32545E+14
Wed23c0128c,Chhattisgarh,Surguja,Jaynagar,23.1847,82.9717,2.31E+14,2.31105E+14
W5be7595832,Chhattisgarh,Surguja,Rajpur,23.3375,83.4042,2.32E+14,2.32015E+14
W117c1bafb9,Chhattisgarh,Surguja,Ramanuj nagar,23.15,82.725,2.31E+14,2.309E+14
Wf319be3811,Chhattisgarh,Surguja,Sirsi,23.3528,82.8631,2.32E+14,2.3211E+14
Wc146c5e924,Chhattisgarh,Surguja,Songara,23.3,83.0792,2.32E+14,2.318E+14
W96e0374e30,Chhattisgarh,Surguja,Udaipur dhah,23.0583,83.1,2.30E+14,2.3033E+14
W8272cd72ad,Chhattisgarh,Surguja,Udaipur-d,22.9083,82.9472,2.25E+14,2.2543E+14
W00699d8009,Chhattisgarh,Surguja,Udaipur,22.9083,82.95,2.25E+14,2.2543E+14
W31c0e5479a,Punjab,Bathinda,Ablu,30.3389,74.7897,3.02E+14,3.0202E+14
W9def392e41,Punjab,Bathinda,Bhagibandar,30.0306,75.0667,3.00E+14,3.0015E+14
Wcc56571996,Punjab,Bathinda,Deratapp,30.2583,74.9361,3.02E+14,3.0153E+14
W72e653d768,Punjab,Bathinda,Jassi bhagwali,30.0681,74.8014,3.00E+14,3.00405E+14
Wcbecc01af4,Punjab,Bathinda,Kot shamir,30.1125,75.0083,3.01E+14,3.00645E+14
Wf7bde53fc7,Punjab,Bathinda,Nahinwala,30.3056,74.9097,3.02E+14,3.0182E+14
W9d45c17735,Punjab,Bathinda,Raike kalan,30.1306,74.6681,3.01E+14,3.0075E+14
W99b57a2579,Punjab,Faridkot,Chahd baja,30.7394,74.8622,3.04E+14,3.04422E+14
W650628e7e3,Punjab,Faridkot,Karirwali,30.4056,74.8278,3.02E+14,3.0242E+14
Wc6057f0690,Punjab,Faridkot,Kot kapura,30.5833,74.8333,3.04E+14,3.035E+14
Wb5a6d9eff6,Punjab,Faridkot,Mehmuana,30.7083,74.6556,3.04E+14,3.0423E+14
W41e81cd911,Punjab,Fazilka,Abohar,30.1478,74.1917,3.01E+14,3.00852E+14
W57a0c2a81c,Punjab,Fazilka,Bazirdpura,29.9583,74.3833,2.96E+14,2.9573E+14
W617db84083,Punjab,Fazilka,Danewal satkosi,30.1986,74.0375,3.01E+14,3.01155E+14
W5078d55949,Punjab,Fazilka,Sitoganno,30.0375,74.3458,3.00E+14,3.00215E+14
W3bd3f61100,Punjab,Ferozepur,Piyarana,30.8556,74.6667,3.05E+14,3.0512E+14
W3b4560e652,Punjab,Gurdaspur,Bhagowal,31.8958,75.1625,3.15E+14,3.15345E+14
Wc206450317,Punjab,Gurdaspur,Dera baba nanak,32.0125,75.0333,3.20E+14,3.20045E+14
W980ae9aad9,Punjab,Gurdaspur,Galri,32.125,75.3361,3.21E+14,3.2073E+14
W9affebf1d7,Punjab,Gurdaspur,Pandoritalab,32.0528,75.5125,3.20E+14,3.2031E+14
W2de2174fe7,Punjab,Hoshiarpur,Chohal,31.6111,75.9722,3.14E+14,3.1364E+14
Wd43ab9f5a5,Punjab,Hoshiarpur,Durimiwal,31.8319,75.7514,3.15E+14,3.14955E+14
Wa86b9b0d0b,Punjab,Hoshiarpur,Hazipur,31.9722,75.75,3.16E+14,3.1582E+14
Wbff796ce9b,Punjab,Hoshiarpur,Nagal bihala,31.9083,75.7083,3.15E+14,3.1543E+14
Wc5c636d5d4,Punjab,Hoshiarpur,Sham chaurasi,31.5014,75.7486,3.13E+14,3.13005E+14
Wb708b6f475,Punjab,Hoshiarpur,Talwara1,31.9417,75.9,3.16E+14,3.1563E+14
We8a77b1cc9,Punjab,Hoshiarpur,Thakarwala,31.3694,75.9167,3.12E+14,3.1221E+14
W389b17718c,Punjab,Jalandhar,Allawalpur,31.4292,75.6639,3.13E+14,3.12545E+14
Wa14a0965f3,Punjab,Ludhiana,P.a.u.ludhiana 1(d),30.9028,75.8111,3.05E+14,3.0541E+14
W0d3f0e8cda,Punjab,Mansa,Burj bhalaike,29.8417,75.2792,2.95E+14,2.9503E+14
W1840f66e36,Punjab,Mansa,Fattamaluka,29.8,75.2833,2.95E+14,2.948E+14
W93973c7ccd,Punjab,Mohali,Dheri,30.625,76.6958,3.04E+14,3.0373E+14
Wb7ae4c0742,Punjab,Mohali,Joli,30.55,76.9,3.03E+14,3.033E+14
W2df0ce79fc,Punjab,Mukatsar,Labanianwali,30.5861,74.5458,3.04E+14,3.0351E+14
Wf761286ae7,Punjab,Mukatsar,Muktsar,30.4583,74.5167,3.03E+14,3.0273E+14
W07af210616,Punjab,Pathankot,Bhoa,32.25,75.5222,3.22E+14,3.215E+14
Waeb7f35550,Punjab,Pathankot,Jhakolahri,32.2167,75.55,3.21E+14,3.213E+14
W0e402593a8,Punjab,Pathankot,Khanikhui,32.1639,75.5522,3.21E+14,3.2095E+14
W148d575e2d,Punjab,Pathankot,Nawan pind,32.3417,75.5833,3.22E+14,3.2203E+14
Wab2d00bc13,Punjab,Pathankot,Pathankot1,32.2667,75.625,3.22E+14,3.216E+14
W6cca114f7b,Punjab,Ropar,Ahmedpur,31.0,76.575,3.10E+14,3.1E+14
W84754d9efb,Punjab,Ropar,Bera chauta,30.9278,76.4625,3.06E+14,3.0554E+14
Wc766721de5,Punjab,Ropar,Braham pur,31.3306,76.4,3.12E+14,3.1195E+14
Wa88cb8c1a4,Punjab,Ropar,Dhair,31.2708,76.4458,3.12E+14,3.11615E+14
Wdd7f8a831a,Punjab,Ropar,Hardinamoh,31.15,76.575,3.11E+14,3.109E+14
Wa99a1d48bc,Kerala,Alappuzha,Nooranad,9.175,76.6403,9.10E+13,9.10301E+13
W82a6dde248,Kerala,Ernakulam,Attara,10.2486,76.4139,1.01E+14,1.01455E+14
Wd8d43ede9d,Kerala,Ernakulam,Chalakka,10.1542,76.2819,1.01E+14,1.00915E+14
Wd23ec6d38b,Kerala,Ernakulam,Chengamanad,10.1528,76.3394,1.01E+14,1.0091E+14
W0ef2b7560e,Kerala,Ernakulam,Edapally,10.0222,76.3075,1.00E+14,1.0012E+14
W00db25bfd0,Kerala,Ernakulam,Kanjur,10.1278,76.4264,1.01E+14,1.0074E+14
W9195bf98a5,Kerala,Ernakulam,Kottapadi,10.1306,76.5986,1.01E+14,1.0075E+14
W334e85bc6f,Kerala,Ernakulam,Kottapuram2,10.1278,76.3,1.01E+14,1.0074E+14
W4b982a6427,Kerala,Ernakulam,Kuruppampady,10.1153,76.525,1.01E+14,1.00655E+14
W1535109e4c,Kerala,Ernakulam,Malayattur,10.1833,76.5333,1.01E+14,1.011E+14
W3ba63b77b1,Kerala,Ernakulam,Manjapara,10.2125,76.455,1.01E+14,1.01245E+14
Wa05ad80d8e,Kerala,Ernakulam,Mannur,10.05,76.5167,1.00E+14,1.003E+14
W8cc6ae9de5,Kerala,Ernakulam,Oonnukal,10.0542,76.6833,1.00E+14,1.00315E+14
W0be17ef380,Kerala,Ernakulam,Valayanchirangara,10.0667,76.4542,1.00E+14,1.004E+14
Wf8a0261ccd,Kerala,Ernakulam,Vazhakkulam north,10.1306,76.4,1.01E+14,1.0075E+14
Wfa171d0273,Kerala,Idukki,Adimali,10.0133,76.955,1.00E+14,1.00048E+14
W22b19274d4,Kerala,Kannur,Cheleri,11.9403,75.425,1.16E+14,1.15625E+14
W8678d76ff4,Kerala,Kannur,Chepparapadavu,12.125,75.4139,1.21E+14,1.2073E+14
Wbbe50b9bee,Kerala,Kannur,Cheruthazam,12.075,75.2667,1.20E+14,1.2043E+14
W846c44d190,Kerala,Kannur,Chural,12.2028,75.2958,1.21E+14,1.2121E+14
W79e4068433,Kerala,Kannur,Edakkad,11.8083,75.4417,1.15E+14,1.1483E+14
Wcca76da73d,Kerala,Kannur,Edayannur,11.9306,75.5167,1.16E+14,1.1555E+14
W6b0eb1cede,Kerala,Kannur,Irikkur,11.9806,75.5333,1.16E+14,1.1585E+14
W5f44d6c039,Kerala,Kannur,Kannapuram,11.9778,75.3083,1.16E+14,1.1584E+14
Wf1cb5a3167,Kerala,Kannur,Kannavam,11.8472,75.675,1.15E+14,1.1505E+14
Wd9f6b8ecf7,Kerala,Kannur,Kommeri,11.8494,75.7306,1.15E+14,1.15058E+14
Webd1f1e760,Kerala,Kannur,Kottiyur,11.8611,75.8611,1.15E+14,1.1514E+14
W0bffb9f3b3,Kerala,Kannur,Kozhichal,12.2889,75.4514,1.22E+14,1.2172E+14
Wc06bfa5e71,Kerala,Kannur,Manattana,11.9083,75.7583,1.15E+14,1.1543E+14
W3fe19553d7,Kerala,Kannur,Mathamangalam1,12.1331,75.3006,1.21E+14,1.20759E+14
Waf16c49d76,Kerala,Kannur,Mattanur,11.9167,75.5708,1.16E+14,1.155E+14
W5c9706c750,Kerala,Kannur,Mayyil,11.9917,75.45,1.16E+14,1.1593E+14
W4d9c0ec66e,Kerala,Kannur,Pattiyam,11.7986,75.5639,1.15E+14,1.14755E+14
W958b7c41f8,Kerala,Kannur,Pazhayangadi,12.0167,75.2667,1.20E+14,1.201E+14
W171cb287f6,Kerala,Kannur,Pukkundu,12.0319,75.4278,1.20E+14,1.20155E+14
Wabb1e464ec,Kerala,Kannur,Ramantalai,12.0667,75.1833,1.20E+14,1.204E+14
W0460c18c11,Kerala,Kannur,Taliparamba,12.0333,75.3653,1.20E+14,1.202E+14
W2a82bc05ef,Kerala,Kannur,Vayyakara,12.25,75.3167,1.22E+14,1.215E+14
W2bc42cea75,Kerala,Kasaragod,Angadimogar,12.6472,75.0833,1.24E+14,1.2385E+14
W2e8d811bcf,Kerala,Kasaragod,Bandadka,12.4833,75.2472,1.23E+14,1.229E+14
W675b8ef3b4,Kerala,Kasaragod,Bekal,12.4003,75.0389,1.22E+14,1.22401E+14
W48ca6a591b,Kerala,Kasaragod,Chittarikal,12.3167,75.3542,1.22E+14,1.219E+14
W7673446dab,Kerala,Kasaragod,Kuttikol,12.4803,75.1761,1.23E+14,1.22849E+14
W720fd7e3e3,Kerala,Kasaragod,Muligadde,12.7086,75.0197,1.24E+14,1.24231E+14
W156bcdbda5,Kerala,Kasaragod,Muliyar,12.5167,75.1306,1.23E+14,1.231E+14
Wca92d395ee,Kerala,Kasaragod,Mulleria,12.55,75.1667,1.23E+14,1.233E+14
W71363c6b07,Kerala,Kasaragod,Nattakkal,12.375,75.3417,1.22E+14,1.2223E+14
W0370504953,Kerala,Kasaragod,Nileshwar,12.25,75.1333,1.22E+14,1.215E+14
W9b5d042186,Kerala,Kasaragod,Odayanchal,12.3994,75.2111,1.22E+14,1.22358E+14
Wb15db87368,Kerala,Kasaragod,Paivalike,12.6917,74.9917,1.24E+14,1.2413E+14
W97405fcd1a,Kerala,Kasaragod,Pullur,12.3569,75.0944,1.22E+14,1.22125E+14
W43c66554cf,Kerala,Kasaragod,Rajapuram,12.4111,75.2333,1.22E+14,1.2244E+14
Wf3f414b215,Kerala,Kasaragod,Thaniyadi,12.4167,75.1556,1.23E+14,1.225E+14
W15c46deb98,Kerala,Kasaragod,Trikaripur,12.1472,75.1667,1.21E+14,1.2085E+14
Wd28ef4779b,Kerala,Kozhikode,Balusseri,11.445,75.83,1.13E+14,1.12642E+14
W4bc50ddb66,Kerala,Kozhikode,Beypore,11.1717,75.8069,1.11E+14,1.11018E+14
Wc00dce42d2,Kerala,Kozhikode,Chemencheri,11.4083,75.725,1.12E+14,1.1243E+14
W3f75f95bc0,Kerala,Kozhikode,Devarkoil,11.6667,75.75,1.14E+14,1.14E+14
Wd7951a8120,Kerala,Kozhikode,Elattur,11.3375,75.7444,1.12E+14,1.12015E+14
W630d9e2922,Kerala,Kozhikode,Kakkayam,11.5486,75.8986,1.13E+14,1.13255E+14
W99b3122b7e,Kerala,Kozhikode,Koduvalli,11.3583,75.9097,1.12E+14,1.1213E+14
W99ec678af3,Kerala,Kozhikode,Kokallur pz,11.4453,75.7911,1.13E+14,1.12643E+14
W8100f93ac2,Kerala,Kozhikode,Koothali,11.5833,75.7833,1.14E+14,1.135E+14
W75f5064ac2,Kerala,Kozhikode,Malayamma,11.35,75.9333,1.12E+14,1.121E+14
Wddcfdda669,Kerala,Kozhikode,Mavoor-i,11.2572,75.9556,1.12E+14,1.11526E+14
W9de22dfa16,Kerala,Kozhikode,Mavoor-ii,11.25,75.9422,1.12E+14,1.115E+14
Wbf5df45e0e,Kerala,Kozhikode,Mukkali,11.6708,75.5556,1.14E+14,1.14015E+14
Wd09660f331,Kerala,Kozhikode,Nadapuram,11.5333,75.6667,1.13E+14,1.132E+14
Wb4a200f36d,Kerala,Kozhikode,Perambra,11.4375,75.9417,1.13E+14,1.12615E+14
Wad760a800d,Kerala,Kozhikode,Peruvayal,11.2639,75.8833,1.12E+14,1.1155E+14
Wbb881f6b2f,Kerala,Kozhikode,Pudupadi,11.4972,75.9847,1.13E+14,1.1295E+14
W88cbe7cd9c,Kerala,Kozhikode,Punnasseri,11.375,75.8639,1.12E+14,1.1223E+14
W8194fe18f8,Kerala,Kozhikode,Quilandy,11.44,75.6942,1.13E+14,1.12624E+14
W9f076a6cdb,Kerala,Kozhikode,Thiruvallur,11.5667,75.675,1.13E+14,1.134E+14
W07b7700cef,Kerala,Kozhikode,Tikkodi,11.4886,75.6469,1.13E+14,1.12919E+14
W27b558f748,Kerala,Kozhikode,Ulliyeri,11.4583,75.775,1.13E+14,1.1273E+14
Wc9c68f1d09,Kerala,Kozhikode,Villyapalli,11.6167,75.65,1.14E+14,1.137E+14
Wc811f44580,Kerala,Malappuram,Arikode,11.2333,76.0417,1.11E+14,1.114E+14
Wc92e6ea5f7,Kerala,Malappuram,Athirumada,10.9486,76.0028,1.06E+14,1.05655E+14
W30dd5b5fe3,Kerala,Malappuram,Chamravattom,10.7972,75.925,1.05E+14,1.0475E+14
Waeb1bdd330,Kerala,Malappuram,Cherukara,10.925,76.225,1.06E+14,1.0553E+14
W1b8cdb91e6,Kerala,Malappuram,Chokkad,11.2333,76.3333,1.11E+14,1.114E+14
Wb269072868,Kerala,Malappuram,Iswaramangalam,10.8083,75.9167,1.05E+14,1.0483E+14
W644e0d645b,Kerala,Malappuram,Kadalundi,11.1375,76.0833,1.11E+14,1.10815E+14
W9d3e82ab7b,Kerala,Malappuram,Kadannamanna,11.0333,76.1625,1.10E+14,1.102E+14
W7be581cb70,Kerala,Malappuram,Kalikavu,11.1694,76.3208,1.11E+14,1.1101E+14
W38fa738978,Kerala,Malappuram,Kanjiramukku,10.7611,75.9667,1.05E+14,1.0454E+14
W0daea4a40e,Kerala,Malappuram,Kariavattam,10.9833,76.225,1.06E+14,1.059E+14
W22e61c0b9b,Kerala,Malappuram,Kuttipuram,10.8458,76.0306,1.05E+14,1.05045E+14
Wa22cca459e,Kerala,Malappuram,Malappuram,11.035,76.0906,1.10E+14,1.10206E+14
Wb6394d28d5,Kerala,Malappuram,Manjeri,11.1181,76.1208,1.11E+14,1.10705E+14
W49a4138be7,Kerala,Malappuram,Marancheri,10.7472,75.9736,1.04E+14,1.0445E+14
W6f658a62e0,Kerala,Malappuram,Melattur,11.0333,76.2667,1.10E+14,1.102E+14
Wf136a69c2d,Kerala,Malappuram,Mudikode,11.0667,76.1667,1.10E+14,1.104E+14
W213cabc7b9,Kerala,Malappuram,Paral,10.9208,76.2819,1.06E+14,1.05515E+14
Wbb555ed89e,Kerala,Malappuram,Perumpadappu,10.7028,75.9889,1.04E+14,1.0421E+14
Wf9e7b521b2,Kerala,Malappuram,Pukattery,10.8833,76.075,1.05E+14,1.053E+14
W00607b62a5,Kerala,Malappuram,Pulamantol,10.9056,76.1861,1.05E+14,1.0542E+14
W6991b9bdc9,Kerala,Malappuram,Thavanur,10.8333,75.9694,1.05E+14,1.05E+14
W25b2ee6ae1,Kerala,Malappuram,Tirur,10.9097,75.9208,1.05E+14,1.05435E+14
Wbae8127f5e,Kerala,Malappuram,Vadakkemanna,11.0,76.0417,1.10E+14,1.1E+14
Wdb91a60026,Kerala,Malappuram,Vazhikadavu,11.3892,76.3489,1.12E+14,1.12321E+14
W09c15fea46,Kerala,Palakkad,Alanallur,11.0186,76.3333,1.10E+14,1.10107E+14
W4f337412ab,Kerala,Palakkad,Ariyur (r1),10.9667,76.3667,1.06E+14,1.058E+14
W52f7a8af5f,Kerala,Palakkad,Athipetta,10.6722,76.4778,1.04E+14,1.0402E+14
Wd9501d4864,Kerala,Palakkad,Chalisseri,10.7328,76.0864,1.04E+14,1.04358E+14
Wb4ece5b64f,Kerala,Palakkad,Chemmampathi,10.5708,76.8319,1.03E+14,1.03415E+14
W4038f7a78b,Kerala,Palakkad,Chittoor,10.7,76.7417,1.04E+14,1.042E+14
W5a8fdc4f45,Kerala,Palakkad,Kalladikode,10.8958,76.5333,1.05E+14,1.05345E+14
Wa3da0c3b40,Kerala,Palakkad,Kanjikode,10.7944,76.75,1.05E+14,1.0474E+14
W9a5fac4b9a,Kerala,Palakkad,Kanjirapuzha,10.9917,76.5417,1.06E+14,1.0593E+14
W7b63fb8541,Kerala,Palakkad,Kottapuram,10.9167,76.375,1.06E+14,1.055E+14
W276067c695,Kerala,Palakkad,Kuzhalmannam,10.7083,76.5944,1.04E+14,1.0423E+14
Wba0008dd7d,Kerala,Palakkad,Malampuzha,10.825,76.6722,1.05E+14,1.0493E+14
Waf3dfb5785,Kerala,Palakkad,Mannarkkad (r1),10.9944,76.4894,1.06E+14,1.0594E+14
Wa1a013ebe7,Kerala,Palakkad,Meenakshipuram,10.6378,76.8628,1.04E+14,1.03816E+14
W17655d5b33,Kerala,Palakkad,Meenkara,10.6083,76.75,1.04E+14,1.0363E+14
W9842c0478c,Kerala,Palakkad,Mundur,10.8361,76.5806,1.05E+14,1.0501E+14
W9a8b2c282d,Kerala,Palakkad,Nemmara,10.5917,76.5917,1.04E+14,1.0353E+14
W7c2919b8d7,Kerala,Palakkad,Ottapalam,10.7667,76.425,1.05E+14,1.046E+14
W387f835f6a,Kerala,Palakkad,Palappuram-ii,10.7667,76.4125,1.05E+14,1.046E+14
W0814f924c3,Kerala,Palakkad,Palghat,10.6611,76.7722,1.04E+14,1.0394E+14
W661a917090,Kerala,Palakkad,Tannirkod,10.775,76.0583,1.05E+14,1.0463E+14
W3e3e3f5aea,Kerala,Palakkad,Thachanpara,10.9583,76.5083,1.06E+14,1.0573E+14
W15b2ea2bc2,Kerala,Palakkad,Tholanur,10.7167,76.5083,1.04E+14,1.043E+14
W53b1100b39,Kerala,Palakkad,Trittala,10.8,76.1333,1.05E+14,1.048E+14
Wbcdcf1ffc1,Kerala,Thrissur,Athani,10.6167,76.2167,1.04E+14,1.037E+14
W69c4942473,Kerala,Thrissur,Chavakkad,10.5828,76.0244,1.03E+14,1.03458E+14
W476af7fcd2,Kerala,Thrissur,Erumapetty,10.6667,76.25,1.04E+14,1.04E+14
Wc96f37a694,Kerala,Thrissur,Kodungallur1,10.2306,76.1972,1.01E+14,1.0135E+14
W78178b5757,Kerala,Thrissur,Kundannur,10.6778,76.2028,1.04E+14,1.0404E+14
W36d2f1ef5b,Kerala,Thrissur,Punnayoor,10.6747,75.9917,1.04E+14,1.04029E+14
W6f9f1b50ec,Kerala,Trichur,Adatt,10.5333,76.1417,1.03E+14,1.032E+14
W74ac4c5624,Kerala,Trichur,Annamanda,10.2383,76.3272,1.01E+14,1.01418E+14
W428bf2cf3d,Kerala,Trichur,Chalakudi,10.2917,76.3333,1.02E+14,1.0173E+14
W8b5f2ea14d,Kerala,Trichur,Chelakara,10.6944,76.3417,1.04E+14,1.0414E+14
Wb8552af567,Kerala,Trichur,Chelakod,10.6833,76.3917,1.04E+14,1.041E+14
We525601ad1,Kerala,Trichur,Cherpu,10.4361,76.2083,1.03E+14,1.0261E+14
W21e6ae7fea,Kerala,Trichur,Cherukunnu,10.475,76.45,1.03E+14,1.0283E+14
W13de479adc,Kerala,Trichur,Echipara,10.4333,76.4069,1.03E+14,1.026E+14
W944dfa2dd7,Kerala,Trichur,Kallumpuram,10.7083,76.0994,1.04E+14,1.0423E+14
W9760c2e05f,Kerala,Trichur,Konnakuzhi-ii,10.2917,76.425,1.02E+14,1.0173E+14
W9f61b00eeb,Kerala,Trichur,Kunnamkulam,10.65,76.075,1.04E+14,1.039E+14
Wc94bf0448d,Kerala,Trichur,Manalur,10.4694,76.0667,1.03E+14,1.0281E+14
Wcc935df623,Kerala,Trichur,Manamangalam,10.4981,76.3408,1.03E+14,1.02953E+14
Wee3f14590f,Kerala,Trichur,Mattathur,10.375,76.35,1.02E+14,1.0223E+14
W60c5165eaa,Kerala,Trichur,Mulankunnathukavu,10.5847,76.2153,1.04E+14,1.03505E+14
W31a070e957,Kerala,Trichur,Muriyad,10.3583,76.2639,1.02E+14,1.0213E+14
W040c492a58,Kerala,Trichur,Ollur,10.4833,76.2486,1.03E+14,1.029E+14
W2ec1b5bf0a,Kerala,Trichur,Parappur,10.5625,76.1222,1.03E+14,1.03345E+14
Wa028faa956,Kerala,Trichur,Potta,10.3167,76.3333,1.02E+14,1.019E+14
W593e36c1d8,Kerala,Trichur,Trichur,10.5167,76.2167,1.03E+14,1.031E+14
Wa1b8f6d505,Kerala,Trichur,Triprayar,10.4125,76.1125,1.02E+14,1.02445E+14
W0b5293afd0,Kerala,Wayanad,Ambalavayal,11.6067,76.2125,1.14E+14,1.13624E+14
W4a928cebb3,Kerala,Wayanad,Cheyyambam,11.75,76.225,1.15E+14,1.145E+14
W41927672be,Kerala,Wayanad,Kamblakat,11.675,76.075,1.14E+14,1.1403E+14
Wec007bc0fa,Kerala,Wayanad,Kavumandam,11.6358,76.0156,1.14E+14,1.13809E+14
Wc84ba40106,Kerala,Wayanad,Kellur -5th mile,11.7486,76.0189,1.14E+14,1.14455E+14
W67f57a1e9a,Kerala,Wayanad,Lakkidi,11.5225,76.0222,1.13E+14,1.13121E+14
W36759cc806,Kerala,Wayanad,Mannanthody,11.8067,76.0056,1.15E+14,1.14824E+14
W9eeaa1d716,Kerala,Wayanad,Minangadi,11.66,76.1625,1.14E+14,1.13936E+14
We03f87c68c,Kerala,Wayanad,Naykatti,11.6669,76.3156,1.14E+14,1.14001E+14
W1135886643,Kerala,Wayanad,Noolpuzha (r1),11.6083,76.35,1.14E+14,1.1363E+14
W13638eeb7b,Kerala,Wayanad,Panamaram,11.7342,76.0747,1.14E+14,1.14403E+14
Wf286ba5e29,Kerala,Wayanad,Perikallur,11.7917,76.225,1.15E+14,1.1473E+14
Wa6497ae469,Kerala,Wayanad,Perya,11.8333,75.8389,1.15E+14,1.15E+14
W78ee907c9b,Kerala,Wayanad,Pozhutana,11.5861,76.0189,1.14E+14,1.1351E+14
W504d84082b,Kerala,Wayanad,Talapuzha,11.8333,75.9833,1.15E+14,1.15E+14
W0a2dd81aa7,Kerala,Wayanad,Vayittiri,11.5558,76.0403,1.13E+14,1.13321E+14
W4602a38f6d,Kerala,Wayanad,Vellamunda,11.7306,75.9472,1.14E+14,1.1435E+14
W1bb644149f,West bengal,Bankura,B.d.p.anchal,23.0208,87.3375,2.30E+14,2.30115E+14
W87f4d0c259,West bengal,Bankura,Bankura,23.2125,87.0417,2.31E+14,2.31245E+14
W61903b10c4,West bengal,Bankura,Chhatna,23.2972,86.9625,2.32E+14,2.3175E+14
W0d3d0ad969,West bengal,Bankura,Gouripur,23.2864,86.9961,2.32E+14,2.31711E+14
W6d77da6117,West bengal,Bankura,Kamalpore,23.3125,86.9375,2.32E+14,2.31845E+14
W37e543b6d0,West bengal,Bankura,Murulu,23.5228,86.905,2.33E+14,2.33122E+14
W217b9d9953,West bengal,Bankura,Patrasayer(stn),23.2272,87.4694,2.31E+14,2.31338E+14
Wdc49cf75b2,West bengal,Bankura,Prasadpur,22.9758,87.4575,2.26E+14,2.25833E+14
W15d8e7d6ed,West bengal,Bankura,Raipur,22.8,86.9458,2.25E+14,2.248E+14
Wd231bdb48f,West bengal,Bankura,Ratanpur,23.1,87.0667,2.31E+14,2.306E+14
Wedca69b877,West bengal,Bankura,Saltora,23.5208,86.95,2.33E+14,2.33115E+14
W2b5bdcad5e,West bengal,Birbhum,Bakreshwar,23.8819,87.3794,2.35E+14,2.35255E+14
W9fbc368228,West bengal,Birbhum,Banbataspur,24.0439,87.6714,2.40E+14,2.40238E+14
W061b2666af,West bengal,Birbhum,Dhanmara,24.1894,87.7383,2.41E+14,2.41122E+14
W8ee901ee62,West bengal,Birbhum,Garuijora,23.8786,87.5275,2.35E+14,2.35243E+14
W5f5de636d7,West bengal,Birbhum,Illambazar,23.6417,87.5333,2.34E+14,2.3383E+14
W16da2dc9db,West bengal,Birbhum,Jaypur,23.9778,87.5547,2.36E+14,2.3584E+14
W1218a8091e,West bengal,Birbhum,Khayrakuri,23.9533,87.525,2.36E+14,2.35712E+14
W801289b6f3,West bengal,Birbhum,Khayrasol,23.7917,87.2333,2.35E+14,2.3473E+14
Wf57717bf14,West bengal,Birbhum,Nalhati,24.2917,87.7833,2.42E+14,2.4173E+14
W1056363206,West bengal,Birbhum,Sainthia,23.95,87.6667,2.36E+14,2.357E+14
Wa507a07d55,West bengal,Birbhum,Sheorakuri,23.9706,87.5486,2.36E+14,2.35814E+14
Wa164df7d7d,West bengal,Birbhum,Tumboni,24.2167,87.7233,2.41E+14,2.413E+14
Wba250f5963,West bengal,Cooch behar,Dewanhat,26.2211,89.4756,2.61E+14,2.61316E+14
We844bc053d,West bengal,Cooch behar,Mekhaliganj,26.3361,88.9264,2.62E+14,2.6201E+14
W42ebea867e,West bengal,Darjiling,Bagdogra,26.66,88.3014,2.64E+14,2.63936E+14
W4a3677429b,West bengal,Darjiling,Tirhana,26.7542,88.2486,2.65E+14,2.64515E+14
W179089de51,West bengal,Hugli,Balagarh,23.1111,88.4417,2.31E+14,2.3064E+14
We5a999df6d,West bengal,Hugli,Karola,23.1622,88.3981,2.31E+14,2.30944E+14
Wd687177b29,West bengal,Jalpaiguri,Chalsa,26.8986,88.7875,2.65E+14,2.65355E+14
W6b33335d34,West bengal,Jalpaiguri,Hathi more,26.6167,88.4847,2.64E+14,2.637E+14
W99a6f9e4d4,West bengal,Jalpaiguri,Indramore,26.6017,88.5881,2.64E+14,2.63606E+14
W8ea5f8220e,West bengal,Jalpaiguri,Lataguri,26.7556,88.7472,2.65E+14,2.6452E+14
Wf188ac2595,West bengal,Jalpaiguri,Madarihat,26.7139,89.2625,2.64E+14,2.6425E+14
Wf3cf5b6b1d,West bengal,Jalpaiguri,Moynaguri,26.6125,88.7806,2.64E+14,2.63645E+14
W4cdce708e4,West bengal,Jalpaiguri,Rajganj,26.5417,88.5389,2.63E+14,2.6323E+14
W625d7de5a4,West bengal,Maldah,Agampur,25.1908,88.2353,2.51E+14,2.51127E+14
W72c2703ba3,West bengal,Maldah,Deotala,25.2625,88.3097,2.52E+14,2.51545E+14
W81d8d71a9b,West bengal,Maldah,Masandighi,25.25,88.1861,2.52E+14,2.515E+14
We36dacdfa0,West bengal,Maldah,Mochia,24.9639,88.2056,2.46E+14,2.4575E+14
Wad52b489e0,West bengal,Nadia,Bahadurpur,23.4167,88.45,2.33E+14,2.325E+14
Wac9811f8dc,West bengal,Nadia,Barnia,23.7269,88.4256,2.34E+14,2.34337E+14
W99d5a9e8ef,West bengal,Nadia,Dignagar,23.3178,88.4494,2.32E+14,2.31904E+14
W6305a2e04f,West bengal,Nadia,Mayapur,23.4,88.3667,2.32E+14,2.324E+14
Wcecfc4f1bd,West bengal,North 24 parganas,Gopalnagar,23.0667,88.7542,2.30E+14,2.304E+14
W25833cd45c,West bengal,Paschim bardhaman,Andal,23.5769,87.1928,2.33E+14,2.33437E+14
Wa1350085cd,West bengal,Paschim bardhaman,Barakar,23.7358,86.8147,2.34E+14,2.34409E+14
Wfcc5ae68f2,West bengal,Paschim bardhaman,Bhiringi,23.5458,87.2756,2.33E+14,2.33245E+14
Wc9e53453b8,West bengal,Paschim bardhaman,Ethora,23.7639,86.9167,2.35E+14,2.3455E+14
Wac9d2dac2d,West bengal,Paschim bardhaman,Piala,23.5333,87.3,2.33E+14,2.332E+14
W4aa8ce0695,West bengal,Paschim bardhaman,Salanpur,23.7592,86.8758,2.35E+14,2.34533E+14
W5c84694029,West bengal,Purba bardhaman,Barddhaman,23.25,87.875,2.32E+14,2.315E+14
W9bce4b02b9,West bengal,Purba bardhaman,Orgram,23.4347,87.7708,2.33E+14,2.32605E+14
W96dad38676,West bengal,Purba bardhaman,Ramjibanpur,23.7389,87.9778,2.34E+14,2.3442E+14
W6b51f3a989,West bengal,Puruliya,Anara,23.4958,86.5833,2.33E+14,2.32945E+14
Wd864c35405,West bengal,Puruliya,Baraurma,23.1417,86.2625,2.31E+14,2.3083E+14
W77672aadea,West bengal,Puruliya,Bishpuria,23.2583,86.7375,2.32E+14,2.3153E+14
Wd254bff101,West bengal,Puruliya,Dubra,23.5417,86.525,2.33E+14,2.3323E+14
We6496b6164,West bengal,Puruliya,Hura,23.2972,86.6458,2.32E+14,2.3175E+14
W1d84632585,West bengal,Puruliya,Kantadihi,23.1958,86.3083,2.31E+14,2.31145E+14
Wdb6523efe0,West bengal,Puruliya,Korenge,23.2167,85.975,2.31E+14,2.313E+14
W55341b67c2,West bengal,Puruliya,Mathbura,23.125,86.1,2.31E+14,2.3073E+14
W5d4129c3d2,West bengal,Puruliya,Purulia,23.3167,86.3542,2.32E+14,2.319E+14
W6ce9ab50e4,West bengal,South 24 parganas,Barisha,22.4917,88.3167,2.23E+14,2.2293E+14
Wf95e4f3ce4,West bengal,South 24 parganas,Budge budge,22.4833,88.2,2.23E+14,2.229E+14
W7903aa9f8f,West bengal,South 24 parganas,Dhopagachi,22.3472,88.4014,2.22E+14,2.2205E+14
W4f0675f9d6,West bengal,West medinipur,Keshiary,22.125,87.2444,2.21E+14,2.2073E+14
W77760e4bbe,West bengal,West medinipur,Medinipur,22.4167,87.3139,2.23E+14,2.225E+14
